Location,Count
Lets Play,1
San Francisco CA,5
Los Angeles,64
San Diego,38
1/1 loner squad,6
NYC,95
"San Francisco, CA",91
"palo alto, ca",1
west covina,1
this place called NYC,1
Somewhere celebrating life. ,1
Boston | Waltham,1
"Boston, MA ",6
714,1
"San Mateo, CA & Las Vegas, NV",1
Brooklyn,23
"California, San Francisco",2
Washington DC,53
Texas,42
Worldwide,10
Central Texas,2
i'm creating a monster ,1
Iowa City,1
Georgia,9
Turks and caicos,1
Oakland via Midwest ,1
"New York, NY",156
Northern Virginia,12
Los Angeles / Atlanta,1
"new york, new york",1
"brooklyn, Ny",1
"Bali, Republic of Indonesia",1
"UK, USA. ",1
"Gold Coast, Australia",4
"Stockton, CA",1
"Twin Cities, Minn.",1
USA,126
next city,3
SF ↔ NY,1
New York + Panama,1
"London, England",5
Floridian from Cincinnati ,2
"Dallas, Texas",23
"Seattle, WA",21
"Lower Pacific Heights, SF, CA",1
Chicago,104
"Los Cabos,Mexico",1
"Los Angeles, CA",96
"Austin, TX",64
"Sterling Heights, MI",2
"Manhattan Beach, CA",1
Greater Los Angeles,1
Online,1
"Dallas, TX",54
"Washington, DC",150
Seattle,34
"New York City, NY",18
Earth,15
"Halifax, Nova Scotia, Canada",3
"Near a park, water, or lights",1
San Francisco,86
New York,127
"Sacramento,California",1
"Oakland, California",1
All Over!,2
"Providence, RI",15
New York City ,6
"iPhone: 29.741360,-90.131523",1
"hollywood, california",1
Las Vegas,21
CA,5
#NAME?,1
FL410,4
Tokyo,1
"Philadelphia, Pa",1
"Belmar, NJ",3
Barbados ,1
"Las Vegas, NV",30
"Boston, MA",157
LaLa Land,1
Chicago ,1
DC - LA - Venice Beach,1
Argentina,2
BAYAREA✈️NYC,2
MA // Ashton in Wonderland,1
New York City,96
"Los Angeles, California",11
CT,25
FREE ADVICE! ,2
"Natick, MA, USA",1
"okayville, population me",1
"Silicon Valley, California",2
chile,2
"California, USA",3
SF Bay Area,4
Massachusetts,17
"CALIFORNIA, USA",1
"downtown, CA",1
"Cambridge, MA, USA, Earth",1
Somewhere outside of Fenway,1
Abuja,2
"Las Piedras, Peru",1
"Charlestown, MA",1
New York for now.,1
"Albuquerque, NM",5
#SF#Optimist #Freefalling,1
Global,34
Washington State,1
Florida,11
Montreal,4
"Orange County, CA",5
Phoenix AZ,7
"Bay Area, CA",11
Boca Raton FL 33434,1
Follow/Retweet for giveaways!,2
"Anaheim, CA",1
"Malibu, CA",1
"NY, NY",4
Rijswijk ♡ The Netherlands,1
"Portland, Maine",14
"Kansas City, MO",9
dc,1
"Brooklyn, NY",66
"Hoboken, NJ",14
 California 92705,1
"39.149054,  -77.273589",1
New york,1
BOS • LA • NYC ,1
"Dutchess County, NY",3
Bay Area,7
Wandering So-Cal-ian,2
At an airport near you....,1
freyabevanfund@hotmail.com,2
"Portland, OR",16
SD/LA/PS,1
 DC | Jersey City,1
"Telluride, CO",1
"Portland, Oregon",6
san francisco,5
"Vancouver, WA",13
”Straight Outta Jersey”,1
"LES, NYC",2
new york,10
The World,2
VFILES DJ CHAMPION,1
☂ Seattle | WA,1
3rd Planet from the Sun,1
all over ca,1
S F,1
"NY, NJ, CA, Greece",1
"Long Island, NY",22
ATX,1
Out to Brunch with @Kanyewest.,2
"East Village, New York City",1
"Birmingham, Michigan",1
"Charlotte, NC",16
California,19
"Doha, Qatar",1
Libya,1
"Algiers, Algeria",1
"mckinney, tx",1
your third eye...,1
The other side,1
714 to 972,1
"New York, sort of!",5
Washington D.C.,23
United States,15
Southern California,9
Hogwarts,3
"Long Beach, CA",1
"Staten Island, NY",3
St. Francis (Calif.),1
"Washington, D.C.",63
California Love #VFL,1
"Austin, Texas",15
 NJ USA,1
"Annapolis, Maryland",1
Abu Dhabi,12
"San Marcos, CA",1
austin dallas chile london,1
"San Jose, California
",1
"San Diego, CA",26
"Zip City aka Dallas, TX ",1
"Hamilton, Ohio",1
Cork.Ireland,1
could be anywhere,1
"Oakland, CA",9
SF Bay Area/ Las Vegas,1
"Hollywood, FL",1
"Oakland, Ca",1
New York x Long Island,1
On a bar floor in Denver.,1
"Waltham, MA",6
"Jersey City, New Jersey ",1
P H I L A D E L P H I A,1
"Charlottesville, VA",8
"Fargo, ND ( & Tucson, AZ)",1
LA&OC,1
"San Franciso, CA",1
"Lake Oswego, Oregon",1
Living in a Gangsters Paradise,1
usa,4
"Richmond, VA",9
"Bay Area, California ",1
"Erie, PA",2
"Kilmarnock, now Edinburgh. ",2
"Berkeley Heights, NJ",1
"Columbus, Ohio",15
Harrisburg,4
Las Vegas ,3
"Brooklin, New York",1
New Jersey/Maryland,1
"Parkersburg, WV",4
South Carolina,2
Tampa,6
DC,28
btv,3
"Houston, TX",35
The Center of My Universe,2
California/Nevada,1
"Astoria, OR",5
"Colorado Springs, Colorado",1
San Francisco Bay Area,11
945XX to 111XX,1
"Jerusalem, Israel",2
"Jacksonville, FL",5
Wall Street • Manhattan • NYC ,2
Austin · LA · London · NY · SF,1
Louisville,6
"Steamboat Springs, CO",1
Above the B/D/N/Q/R/2/3/4/5,2
searching for coffee,3
"Chicago, IL, USA",4
nyc to la,2
"Washington, D.C. Metro Area",1
Connecticut,10
"Miami, New York, Boston",4
"Seaside, California",1
"new york, baby",3
Canada,15
Midwest,5
"Marlow, UK",1
"Summit, NJ",1
"Princeton, NJ",5
"Hoops City (Memphis, TN)",1
Europe,1
Right Now Mostly The Hospital,1
Manchester,12
"Chicago, IL",81
Kansas,2
New Jersey,29
Luxembourg,4
. ,2
Larne,2
"Boulder, CO",5
Glasgow,4
Alphen aan den Rijn,9
London baby,2
Nottingham,5
"mentor, Ohio",7
"Saipan, MP",1
Seoul City to LA,1
"iPhone: 55.946030,-3.189382",3
bonkers in Yonkers,13
Vancouver BC,2
"Stockholm, Sweden ",4
"Madison, NJ",5
CORGaming@cellucor.com,2
"Brighton, UK
",3
"All over, but mostly NorCal",1
"Ottawa, Canada",15
Huntsville AL USA,3
Iowa,4
"Rochester, NY",12
Chicago / Orlando / airplanes,2
"WX report for 41 Mile, Hwy 50",4
Missouri,3
NY,42
[Colorado],1
Colorado,19
"Rocklin, CA",2
Singapore,3
"Westerville, Ohio",2
Pacific Northwest,1
"Cleveland, OH",17
"Hermosa Beach, CA",2
"Los Vancouver, CA",1
Broad & Pattison,1
Cornfields,1
Michigan,14
Gainesville GA,1
Oregon,4
"iPhone: 42.734546,-84.483753",1
"Denver, CO",37
"iPhone: 39.201706,-106.854080",1
DEN,2
DC949,1
"Raleigh, NC",28
Dallas,14
#Omaha ,5
"Colorado Springs, Colorado USA",3
Ottawa,1
Silicon Valley,4
Lees Summit,2
"North Texas, USA",1
Honeoye Falls,1
california,8
GEM HQ (aka walk-in closet) NY,4
Boston,62
Austin,6
san diego,9
"melbourne, australia",1
"San Francisco, CA ",1
"Fort Worth, Texas",3
Winterfell,3
"Coventry, Connecticut",3
Ausvegas,1
"Nashville, TN",45
"Santiago, Chile",3
All over the damn place.,1
"Liverpool, UK",7
"San Francisco, California, USA",1
lalaland,4
"Morristown, nj",1
Chicago & traveling the world,2
Madrid (Spain),1
"Killington, Vt",1
"West Hollywood, CA",2
"Roatan, Islas de la Bahia",2
"Semiahmoo, WA Soonerland",3
"Austin, TX (Easton, PA born)",1
Punk is the preacher.,6
"San Antonio, Texas",5
"Eatontown, NJ",1
Buffalo/Oakland/Savannah/Ire,2
"Rotterdam, the Netherlands",1
"Swooning in New York, New York",1
Grand Rapids,8
mets hell,1
NJ/NYC,3
"Ottawa, Ontario",5
London UK & USA,4
Vancouver/Beverly Hills,1
"Little Rock, AR",6
"Harlem, NYC",2
IL,3
Indiana,8
NJ ,10
"Brunswick, Ohio",2
"Kingston, Ontario",3
with my brothers,1
Atlanta,11
One of the C-gates at EWR.,3
Kona coast/Boston/Milan,4
Edmonton International Airport,1
Oakland by way of Chicago,1
Mexico City,11
"New Jersey, USA",2
founder @IndiraCollection,1
"Edison, NJ",1
"Santa Rosa, CA",1
"Brighton, UK",5
Pittsburgh area,2
PDX,5
"Fort Wayne, Indiana",4
Wherever I want to be ,1
"SF, CA",3
Scotland,5
New York ,10
"NEIN, London, or Maui. ",5
"St. Louis, MO",11
"New Haven, CT",18
Pennsylvania,14
"SF mostly, NYC & London often.",1
Downtown Victoria,2
Chicago Illinois Crime.Inc,7
"Cali,Colombia",1
"CT, NY and most other states",5
"East Coast, US ",1
"North Suburbs, IL  (Chicago)",3
"Pittsburgh, PA",17
"Cleveland, Ohio",11
"Toronto, Canada",4
"ÜT: 34.078171,-118.285555",2
H-town,7
"Toronto, ON.....for now.",2
"Arlington, VA",27
Taipei,6
"Burlington, Vermont",4
"Bardstown, KY",1
"Research Triangle, NC",1
"Ashtabula, OH",1
"Mountlake Terrace, WA",1
"ÜT: 37.427592,-122.116357",1
"Hilo, HI",8
"Kansas City, Missouri",5
"Ashburn, VA",3
"Stumptown, Baby!",3
Frequently DC/NYC/San Diego,3
"Needham, MA",2
"Milwaukee, WI",9
"Maui, Hawaii",2
"San Francisco, California",9
"Williamsburg, VA",1
syracuse,2
Brussels,2
Barquisimeto - Maracaibo,1
"Calabasas, California",1
"Cambridge, MA",21
"Albuquerque, New Mexico",5
"canton mi
",1
chicago,4
Always around,1
USA / The World,5
Sheboygan,4
"Dartmouth, MA",2
GLP,5
"Houston, Texas",16
"San Jose, CA",7
"Kansas City, USA",2
London,30
"Salt Lake City, Utah",7
Weston super Mare,1
"ÜT: 50.97861,-114.000116",7
"Collierville, TN USA",1
"iPhone: -33.875538,151.196533",1
"Boulder, Colorado",1
"Western Massachusetts, USA",2
"Hurst, TX",1
Brossard,2
Stavromula Beta,2
"Chorley, Lancashire",1
P.R.O.B. ,1
Roma,1
East Coast,7
Park Slope,1
"Lewis Center, OH",3
DOM-ination,1
"Wilmington, Delaware",3
US,9
Beijing,1
North West of England,10
"Brownsville, Tx",1
New York/New Jersey,3
"Lexington, Ky",2
New York/New Jersey depends on,2
"176 Thomas Johnson Drive, #204",1
Toronto,22
"San Francisco, Ca",4
SD || CA   ,1
"Vancouver, CA",5
St. Louis MO,1
Los Angeles ,7
EP TX,1
Washington D.C. ,3
"Buffalo, Ny",2
"ÜT: 31.333857,-94.724549",1
Danville CA,2
"Monkton, Maryland ",2
Rose Bubble,1
"52.315477,4.995852",1
#ygk,1
"Tampa, Florida",8
Toronto Area,3
the cupboard under the stairs,1
"Beijing, China",3
"san francisco, ca",1
"Medford, MA",2
"Rockaway, NJ",1
"Akron, Ohio",5
"CO Springs, Occupied Colorado",3
"ÜT: 33.987103,-118.399024",3
"Palo Alto, CA",1
Utah,3
"New York & Washington, D.C.",1
"Boulder, Co",1
Ireland,2
"Hillsborough, NC",1
"Queens, NY",5
"Iowa City, IA",5
"Chapel Hill, NC",5
"Charleston, WV",1
Everywhere,12
"Vienna, VA",3
Home,1
NYC/Secaucus ,1
Toronto Canada,1
North,1
"Cincinnati, OH",5
"ÜT: 40.729379,-74.002951",1
Long Island,8
"Kingston, Canada",6
The Town,1
"Martinsburg,WV",1
New York | Chicago,2
"driving, probably",2
moving forward... ,1
michigan ,1
Northern Ireland,2
earth,4
STL,6
Nederland,2
Saint Louis,3
"Buffalo, NY",11
Pittsburgh ,2
"Leesburg, VA, USA",1
Corpus Christi,6
Global- Mostly Silicon Valley,2
"Chicago, Illinois",2
"ÜT: 41.88849,-87.6282",2
"Shreveport, Louisiana",2
"Portland, Zurich, Richmond",1
Chicagoland,6
Europe - America,1
"London, ON",2
"ÜT: 39.39339,-76.762595",2
"Greensboro, NC",1
"Bedford, NH",6
Richmond Virginia ,1
"WASHINGTON HEIGHTS, NYC ",1
Ft Collins ,3
"Solent - Hamble, Lymington",1
"Watertown, MA",2
anywhere but CStat,1
"Oak Park, IL ",1
Aylesbury United Kingdom,1
"ÜT: 42.986193,-87.914855",1
"Washington, DC via Nebraska",1
Cheltenham,2
"Melbourne, Australia ",1
Massachusetts  ,2
QCϟDC,1
Saskatoon,1
"Phoneix, AZ",2
New York NY,1
SE AZ By Way of HV,4
"Brandon, Mississippi",1
"Morton, IL",1
deep in the ❤ of Texas...,5
"Mountain View, CA ",1
?????,1
Dirty Jerz,1
Nueva York,4
"Stavanger, Norway",4
Southern California and Hawaii,4
New Hartley,1
"New York, USA",3
"Hingham, MA",1
"Loveland, Ohio",1
Kingwood,3
"West Columbia,SC",1
"Quito, Ecuador",1
201-600-2130,2
"ORLANDO, FL",3
"Keyport, New Jersey",1
"Fredericksburg, VA",5
Tour Bus or Airplane/ Hotel,1
Central NJ,4
FL,3
Irving Texas,2
"Portsmouth, NH",4
"Indianapolis, IN",6
Bellaire TX,1
Oklahoma,5
"Alexandria, VA",13
Rhode Island,19
"Bechtelsville, PA",1
AustinTX-AUS/CaliColombia-CLO,1
"Atlanta, GA",25
43206,2
"Medway, MA",1
"Columbus, Ohio, USA",1
"Winnipeg, Manitoba",4
wdc,1
Edinburgh,2
Happy Valley,1
South Seaside Park/Puerto Rico,1
"Oxford, MS",6
"Rio Grande Valley, Texas",2
the burgh,2
Grimsby - UK,5
"fort worth, tx",1
"Williamsburg, Brooklyn",1
Rochester,1
whore island ,2
Hong Kong,7
"Virginia, USA",2
"Huntington, WV",2
"Atlantic Highlands, NJ",5
the district of colombia,1
Metro DC Area,1
"ÜT: 43.492878,-96.790916",1
Curitiba,3
senior / mount airy,1
Seattle WA,5
Bedford 2015 Plymouth 2019,1
Belgium,1
WDVE PITTSBURGH,1
"Raleigh, North Carolina, USA",1
Guatemala,1
Terra Prime,1
#Westford #marketing ,5
"Bedford, Nh",3
"Berlin, Germany",1
"Honolulu, HI",1
sf - austin - sydney,4
Little Rhody,5
"Potsdam, NY",1
"Yokohama, Japan",2
☁️,4
Blue Area of the Moon,8
"Washington, DC. ",3
"Kalispell, MT",1
"Vancouver, BC",3
"Brookline, Massachusetts",1
"Branford, CT",1
"Wake Forest, NC",8
"Venice, CA",1
somerville nj,2
Kaizen 改善,3
Htown,1
just living the dream ,4
Greater Seattle Area,1
"Vancouver, Canada",5
"Montana, God's country
",2
Washington-Vancouver-Medellín,3
"Ottawa, ON",6
PDX / LGA / TXL / ✈,4
Sweden,1
"arlington, va",1
Coastal,2
401 SK,1
Belfast/Boston,1
Saskatchewan ,1
"Cambridge, MA, USA",8
"Ocean, NJ",1
Philly Burbs,2
"Columbus,Ohio",2
"Austin, Tx",1
"Vernon Hills, IL",1
toronto,5
pensacola,1
"Montreal, Quebec CA",2
"Sydney, Australia",3
"Foster City, CA",1
Boise,2
Beijing | Los Angeles,1
Heart of America,1
Pittsburgh,6
A Californian in London,3
"Virginia/Metro Washington, DC",1
"Mexico City, Mexico",2
Muswell Hill,1
Wonderland,5
What day is it?,1
South Australia,3
Gooner,1
"iPhone: 0.000000,0.000000",2
"Seattle, WA / 36,000 feet",3
midwest and sometimes Spain,4
Boston MA,1
"Minnesota, USA",4
GORGEOUS UNIVERSE,1
The Garden State,2
"Bethlehem, PA",2
England,3
"Fresno, CA",1
"Madison, WI",6
"Grand Rapids, Michigan",2
"31.790466, -85.971558",2
America,4
SoCal,3
Rochester NY,2
"Central Sq. Cambridge, MA",1
"Forest Grove, OR",2
"Vancouver, BC
",1
San Diego ,1
"Silicon Valley, CA",2
"ÜT: 39.768182,-86.167261",1
washington dc,3
"Beautiful Stockton, CA",4
"Atlanta, GA & St Augustine, FL",2
"Middlebury, VT",2
"Rixensart, Belgium",1
NOLA Reb,2
nyc,9
Pursuit of Happiness,9
NJ,6
NYC & SEAsia,1
Gig Harbor,3
• Lacrosse ||'17|| Football •,1
ONTARIO CANADA,3
"Salt Lake City, UT",8
"Calgary, Canada",1
"Apex, NC",2
SoMD,1
"Ontario, Canada",7
"Aliso Viejo, CA",2
"Enfield, CT",1
Canton Mass,1
Ohio,15
"iPhone: 50.079998,14.441111",1
"Here, There or En Route, ",1
UK,17
In First Class,2
YYC,2
Upper East Side,1
"State College, PA",1
"Springfield, MO",4
"Cloud City, MA",1
"Manassas, Virginia",1
here,1
"Nashville, TN      +309+ +320+",1
"ÜT: 42.706796,-71.210754",1
Little Rock,1
"Norman, OK",1
"Park City, UT",1
"Lake City, MN",1
Houston,20
Amsterdam/Malibu,1
"New York, US; Tanzania, Africa",1
Orleans/Tarpon Springs/London,4
"Shanghai, China",1
London-Manila,1
"Tulsa, OK",8
Email: Alex@ditmasla.com,1
Coming to a City Near You,2
"Kearney, Nebraska",3
chicago IL,5
ridin' da food train,1
Cincinnati,5
Redmond WA ,1
"Omaha, Nebraska",4
Washington,2
Anywhere someone needs me,2
"Plymouth, IN ",1
"Vail, CO",5
Wisconsin to Worldwide,1
O H I O,2
The abyss ,1
Ho-Flo/Columbus/NYC,3
Exactly where I want to be!,1
With Carmen SanDiego.,1
Lea Michele,1
"Fort Lauderdale, FL",4
"Bellingham, WA",2
DFW area texas,1
"Obersulzbach, Germany",3
"Edmonton, Alberta, Canada",2
Silver Spring,4
Location: constantly changing!,1
TRACK ,1
Someplace saving something,5
Rutgers Business School - NB,1
Crowborough,1
"Hilton Head, SC",1
"Elmira, NY",5
NY & NJ,1
"Boston, Massachusetts",5
"Boulder, CO | Los Angeles, CA",2
"Evanston, IL",3
In & Around Chicago,1
West Virginia,4
Buck-hio,1
Chapel Hill,3
Minneapolis,2
"Omaha, NE",7
"Winnipeg, MB Canada",3
"washington, dc",12
"Los Angeles, CA (via Philly)",3
Denver,14
New York | Nomad,2
"Grand Junction, Colorado",1
"MN, MI, NM",1
"Kenosha, WI",3
"Clifton, NJ",1
"ÜT: 38.763515,-77.718226",1
Greater New York City Area,1
the nation's capital,1
Radford HS,1
"Sacramento, CA",6
"Powell, OH",1
"#avgeek, United 1K",1
"Culver City, CA",2
Oakland,1
"Purcellville, VA",6
Deutschland,1
Aberdeen,1
Edinbrah ,5
Montana,1
"Baltimore, MD",16
San Francisco ,1
New York State,2
"Charleston, SC",11
Portland,1
Corrupt California,1
Being not the one,1
"Washington, DC ",1
Tri State NY area...,5
The Gaming Cartel,2
Santa Barbara CA,1
D.C.,5
Chicago & Worldwide,1
YHZ,2
South Texas,3
"Celebration, FL ",3
"Toronto, ON",3
"Minneapolis, MN",12
"Red Bank, NJ",3
Mammoth Lakes ,1
The Commonwealth of Virginia,1
"Chew Valley, North Somerset UK",1
"Newark, NJ",4
"Louisville, KY",7
"Benice Veach, CA",1
"Studio City, CA",1
Calgary,1
Easley SC,2
"Columbia, MO",4
"Texas, duh! ",1
Tetbury,1
Manassas VA,1
"ÜT: 40.635407,-73.991869",3
"New York City, baby",1
"Washington, DC - USA",2
"New York, New York",31
"Off: NYC, Home: Hoboken, NJ",3
"Chicago, IL ",4
Mexico,2
Kalamazoo & Chicago,1
"Orlando, FL",4
Ohio (by way of Nebraska),3
"New York, Ny",1
"Lehigh Valley, PA",2
"las vegas/nashville, TN",6
Phila. PA,1
"London, UK",6
NYC.  Sports.,1
Los Angeles/Charlotte,1
FUCK CANCER,1
Naperville,1
houston paris nyc ,1
"38.04591,23.769275",1
"santa barbara, CA",1
minneapolis,2
"Warsaw, Berlin, Kiev ",1
London via Adelaide,1
Birkenhead upon Hudson,2
Bellevue Washington,1
SoCal is where my mind stays,2
Yonkers NY,1
fuckin portland ass oregon,1
DC/SF/BFLO,5
Arlington Virginia,2
"Nanjing, China",1
"Raleigh-Durham, NC USA",1
Raleigh,2
"Chicago, Illinois.",5
Ottawa/St.Louis,2
Where the miles are,1
Indy,2
LA / NYC,1
"Allentown, PA",1
"sunnyvale, ca",1
"Louisville, KY. ",1
"Carmel, IN",4
Cleveland,2
"ÜT: 38.988512,-77.161145",1
PA,8
Minnetonka,1
Las Vegas & Atlanta,3
"Jacksonville Beach, FL",3
Everywhere!,1
Nicaragua,3
lexington KY,2
htx,1
"Irvine, CA",1
"Houston, TX, USA",2
Texan in Los Angeles ,1
"Detroit, Michigan ",2
"Somerville, MA",3
"Madison, wi",3
Canmore,9
BTR/DCA/IAD/MSY - etc,20
San Juan Capistrano,1
"iPhone: 40.732048,-73.994102",3
America's Dairyland,2
Look behind you,2
860,1
Somewhere west of Chicago,1
"BOS, SFO, NYC, ++",1
"Silver Spring,MD",1
Brazil,2
"Hudson Valley, NY",2
Chicago and an airplane ,1
Mysore : London : New York,1
"bettendorf, ia",1
"Oak Park, IL",1
Fort Wayne,2
"Monett, MO",1
Dallas/Eugene,1
I'm just a kid from Oak Harbor,3
Greater New York Area,1
"Bushwick, Bkln",1
ny,7
new york city ,2
"iPhone: 41.871374,-72.497792",1
"iPhone: 40.773155,-73.872490",3
Denver Colorado,1
São Paulo / Brasil,3
"Almere, The Netherlands",1
"LA | SF | Bicycle | 38,000'",2
North Jersey,3
"Walnut Creek, CA when I'm ther",1
France,1
East&West Coasts & the South,1
"Costa Mesa, CA",3
"Chicago, Il",3
"On a couch, with a computer.",1
Germany,4
"Near Washington, DC",1
"Ventura, California",3
Washington DC Metro Area,1
"Winchester, MA",1
"Houston, Tx & Old Bridge, NJ ",1
New York City (Silicon Alley),3
Bangalore,2
"Wisconsin, ya know",2
"raleigh, nc",1
"Rosenberg, Texas",1
CT • MINDLESS EP ON SALE! ⬇️,2
"Jersey City, NJ",8
"Ratner Companies, Hair Cuttery",2
Jerusalem-London-Antwerp,3
Paris,2
Monterrey ,1
Amsterdam,2
"Boise, Idaho",1
"Lexington, Kentucky",1
"shanghai, china. ",1
SYD▫️,1
London Heathrow.,1
"ÜT: 37.748534,127.066482",1
"Keauhou, Hawaii USA",2
roblox.com,4
NYC - DC - LA,1
Sydney Australia ,1
CLE ,1
Panamá,2
"Mill Valley, CA",2
Colombia,4
"Philadelphia, PA",38
Fredericton NB,5
"East Hanover, NJ",1
"Brisbane, Australiaaa!",3
"Rozelle, NSW",1
Sydney,1
D.C.ish ,2
"Q's, Staples Center",1
"ÜT: 38.006902,-78.502005",1
Dodging Traffic,1
"California, US",2
EIN: 27-0575748 -New York -USA,2
"Port Townsend, WA",1
"Englewood, Florida",13
NC,3
"St. Louis, MO for now",1
Barcelona,2
"Bend, OR",1
"Elkhart, Indiana",3
Wherever. ,1
Memphis TN,2
Tweets = My Opinion,2
Cardiff and London,1
Sun Devil Territory,1
"Franklin, Tennessee",1
Virginia,14
"Oahu, Hi",2
"Lakewood, Colorado",1
Earth (for now...),1
"Chicago, Illinois ",1
"Texas, USA",5
"ÜT: 33.449738,-112.049072",1
Chasing Carmen San Diego,3
"Mobile, AL.",1
"Paramus, NJ",1
DFW & SF,2
"San Francisco Bay Area, USA",3
"Sacramento, CA / Columbus, OH",1
Born/Raised in 314/Home is 317,1
"columbus, oh",8
"Houston TX
",2
"New York, NY ",7
"Fremont, California",5
"Novi, MI",1
West Wickham Kent ! ,1
Instagram @thejetsetjulie,1
"Belle Mead, NJ",1
"LA, NY, Chicago & St.Louis",3
Amsterdam NL,1
"Raleigh, NC  SoCal",1
"Grand Junction, CO",1
on my iPhone,1
District of Columbia,3
"Orlando, Florida",5
"Wrigley, California ☀",1
Illinois,1
Brisbane,2
"New Canaan, Ct",6
Warsaw,1
Mill Creek HS,1
Needham,2
"Boise, ID",4
"NA, SA, Europe",3
Los Angeles & Vancouver,1
Founder @catapultgrp @ilikeoi,1
"Raleigh, North Carolina",2
All Over The World,14
"Bergen, Norway",1
"Wellesley, MA",11
Meridian ID,1
"Littleton, CO",4
Wherever the Army sends me,2
"Brentwood, CA",4
Gdansk / Manchester,2
"Alvechurch, Worcestershire, UK",1
"London, UK ",2
"Redhill, UK",1
wishing i was in Vernon,1
planet earth ,1
Flightlever 340,2
90210,1
"Montclair, NJ",1
NYC Area,1
"San Diego, CA by way of VA",1
"Northam Stand, Southampton",1
"Sarasota, Florida ",3
So Cal,4
"Brooklyn, New York",2
TEXAS,1
the questions district,2
A Texan in Toronto,1
OAK,2
New Orleans,7
Irvine,12
SLC | LA ,3
des moines,1
"Virginia Beach, VA",4
Kansas City,8
"Los Angeles, CA and the world.",1
"Space City, Hong Kong, NOLA",1
Napa,1
└A,1
"Amsterdam or 30,000 Feet",1
"Arlington, Texas",1
"Johnstown, Ohio",1
Memphis,11
"Hampton Roads, Virginia",3
"Berkeley, CA",1
Usually in a plane,4
San Antonio,4
"Wichita, KS",3
✈,1
"Crowley, Louisiana",1
The Netherlands,7
between Warsaw and London,1
"NYC, Toronto ",4
"Conway, AR",4
Costa Mesa,2
"Baton Rouge, LA",3
"San Bruno, CA",1
Nova Scotia,2
Southern New Jersey,3
"Germantown, MD",1
Loving the Languageof Literacy,3
Sacramento,2
"North Hollywood, CA",2
"Titletown, USA",1
"chicago, il",2
Ravens Nation  51814,1
NoVa,1
Italy,2
St. Pete,2
West Coast of America,1
New York | Los Angeles,1
"North Plainfield, NJ",1
LA,4
"Port Washington, NY 11050",2
North Tonawanda,1
The Lone Star State,2
"Bozeman, Montana",1
"Plattsburgh, New York",1
"fairfield county, connecticut",1
Northwestern NJ,2
ottawa,1
"Halifax, Nova Scotia",1
pittsburgh,1
Deerfield,1
Indianapolis,11
Bhutan,10
Kanasa City,1
West Palm Beach ,1
"Island of Oahu, Hawaii",1
"Los Gatos, CA ",1
"Tucson, AZ and Vancouver, BC",1
"Wheatridge,Colo",1
"ÜT: 40.976702,-72.210688",1
"Portsmouth, UK",1
"grand rapids, michigan",1
"ÜT: 34.188976,-118.613497",1
Omagh/Belfast,1
Today I'm in: Maryland ,1
"ÜT: 38.965477,-77.428287",1
Chappaqua NY,4
"Columbus, OH",13
TX,3
"Burlington, Ma",1
"San Antonio, TX",5
"West Palm Beach, FL",1
"St.Peters, MO",1
lurking in a coffeehouse,2
Orange County,1
Eau Claire,2
Trapped in Baltimore.,3
Fort Lauderdale,11
EVERYWHERE,2
"Grandville, Michigan",1
Around...,5
603 | 205,1
"woodstock, Ontario, Canada",3
"Lubbock, TX",1
Midwest + Airplanes,1
"Newark, Ohio",1
"Arlington,Tx",1
The next President of Libya,2
"Duluth, MN",3
"Boston, Atlanta, or in-flight",1
"Perdido Key, FL",1
"San Diego,  CA",1
"Valrico, Florida",1
"Kansas City, KS",3
"Lee's Summit, MO, @CityOfLS",1
"San Juan, Brooklyn, LA ",2
"InMyFeelings, IL",1
Everywhere You Wish You Were!,1
Dallas ,1
"Birmingham, AL",8
Kansas City MO,5
"Fullerton, CA",3
"Manchester, NH",2
Galt Gulch,2
Detroit,1
Everywhere But Never Scared,3
"Albany, NY",6
Florida ,2
DFW,10
"cambridge, maryland",1
South Florida ,6
Kansas City area,1
"Hopatcong, NJ",2
The World is my Country,1
"Detroit, Michigan",1
la,1
"Moultonborough, NH",1
"Logan Square, Chi / Austin, TX",1
Tennessee,7
Canada/US,1
"Mustang, Oklahoma",1
"New Orleans, LA, USA",2
"Panama City, Florida",1
Whereever Yearbooks Are Born,1
ATL,2
"Waterford, MI",1
Washington D.C. / Northern VA,1
NE Ohio,1
Somewhere mind in my business,1
Brooklyn NY,2
Dallas Fort Worth,2
"darien, il",2
Carlsbad | CA,1
California/Maryland,1
+ Las Vegas +,1
Near Los Angeles CA,1
KCMO,4
Nebraska,6
"Madison, OH",1
"Indianapolis, Indiana; USA",3
"Franklin, TN",7
"Kensington, MD",1
"Littleton, NH",1
"Redlands, CA",4
Dodger Stadium | Disneyland,7
Ozarks,1
suburbs of Pittsburgh....,1
"Reno, NV",1
"La Jolla, CA ",1
Philadelphia PA ,1
Twin Cities,2
WashingtonDC,3
•New York•,1
New England ,10
"Arlington, TX",1
"Bellingham, Washington",1
wherever you need me to be. ,1
Bloomington/San Francisco,1
some where in massachusetts ,3
"Baltimore,MD",1
RI,2
"Royal Palm Beach, FL, USA",2
The AZ Desert,1
"Wilmington, North Carolina",3
D(M)V,1
RI when home.,2
"Rocky Mountains, Colorado USA",1
"Westminster, CO",1
Lone Star State,1
insta : michellehamm0nd,1
"Overland Park, KS",3
"Sac City, IA",2
"Des Moines, IA",3
"Grand Island, Nebraska, USA",2
Vineland & South Florida ,1
"Saint Louis, MO USA",2
"Tipp City, Ohio  ",1
"Old Hickory, TN",1
Sunny Florida,2
"Tallahassee, FL",22
"Frederick, MD",1
"Golftown, USA",2
Oklahoma City,3
"Effingham, IL",1
"Tucson, AZ",3
"College Park, MD",3
"Phoenix, Arizona USA",1
Nashville & Memphis,1
"Lincoln, NE",2
"Aurora, OH",5
"boulder, co",2
Boulder,3
"Forest City, IA",1
Chicago by way of California,2
"Happy Valley, Oregon ",1
denver,1
"Brentwood, Tennesse, USA",1
Baltimore ,1
west allis,2
Between FL & MN,1
North New Jersey,1
"New York, NY, DC & Maryland",1
New England,2
Bristol CT ,1
"Colyell, Louisiana",1
UTSA '13,2
South,10
"Arkansas, USA",6
"Ferndale, MI",1
MINNESOTA,1
Virginia.,2
seattle,1
"Belton, Tx",1
Austin ,1
"Woodsboro, TX",1
North Carolina,10
"Denver, Colorado",8
USA ,1
México ,1
The happiest place on Earth!,1
Fayette County/Oakland #901,1
Salt Lake City,4
college,1
"Fremont, CA",1
Back in the Mitten,2
ATX/LA,1
#BrownsNation ,1
Southern Virginia!!!!!!,2
Baltimore,2
.kansas city.,1
no where,2
"Loomis, CA (Near SacTown)",3
"Hanover, Maryland",1
"everywhere, all the time.",3
CA & MI ,2
"Albany, New York",1
Bethesda MD,2
"Dallas, Tx",1
#DFWLittleRockMempLAVegas#MS#,1
"Two Guns, Arizona",2
"San Diego, CA USA",1
Wichita,1
"Rockville, Maryland",1
"Herndon, VA",1
Den10,2
"31.708674,34.993824",2
lowkey,1
"Phoenix, Az",2
"Albuquerque, New Mexico, USA",1
Cranberry 16066/Bonita Springs,1
Upstate New York,5
columbus,1
Off the Road,1
NYC | DC | Charlotte | Vegas,1
Philadelphia PA,1
"Havertown, Pa.",7
nola/beantown,1
"Gloucester, MA",3
#PureMichigan ,2
"minneapolis,mn",1
San Diego CA,1
"Hershey, PA",1
Toronto (formerly NYC),1
IN,1
"Lockport, NY",3
"McLean, VA",1
"Nashville, tn ",2
"Fairfax, VA
",2
"Norfolk, VA",1
from the middle of america,1
N 30°23' 0'' / W 97°44' 0'',2
Orlando.South Beach.Vegas,1
Beysus,1
"San Juan Island, WA",1
10/5/13,2
catch me if you can,3
"Middletown, CT",1
Columbus OH,3
Los Angeles/SF/Palo Alto,1
Ohio & Kentucky,1
"Hudson, NH",1
Nebraska ,3
AREA 51 NEVADA ,1
Joe Louis Arena/Goggin Ice Ctr,1
Aspiring Disney princess✨,1
St Louis,2
"Washington, DC/Austin, Texas",1
Colorado ,2
Maine,8
"Memphis, TN",17
"Austin, Texas ",1
St. Louis,5
"North Bethesda, MD",2
Nwps  CA.,2
"Helena-West Helena, AR",1
"Liberty Lake, WA",3
"Murfreesboro, TN",2
City of Angels,4
"Provo, Utah",1
"Fort Lee, NJ",3
South Carolina/Nashville,1
Central Ohio,3
"명동서식 37.56638,126.984994",1
"Denver, CO, USA",1
NYC/Columbus/Chicago,1
"Ronkonkoma, NY",1
"Douglas, MA",1
"Branson, MO",2
in ur base killin ur tw33tz,1
"Beverly Hills, CA 90212",1
"washington, d.c.",1
Volunteer State,1
"Roxbury Crossing, MA",3
"Spring, TX, Chicago and others",1
"St. Louis, Missouri USA",2
North Texas,4
Denver ,2
Indiana...Our Indiana,1
JerseyNY✈ATL,1
Lost In The Ether,1
NH,1
"San Diego, Ca",1
KC,3
New Jersey / Munich,1
The Universe,3
"Oklahoma City, OK",1
Denver Co,1
"Egg Harbor, WI",1
"Washington DC, New York",2
musician and music enthusiast,1
"Farmington, Utah",1
"Rhode Island ,Mass,CT",2
LA // DC // LA,2
"Dallas, TX Memphis, TN, MS",1
"Barrington, Rhode Island",1
"43.012983,-78.724003",1
South Carloina,1
"Omaha, NE ",2
"Louisville, KY ",2
"Narragansett, Rhode Island",1
"St Louis, MO",1
"Henderson,NV",1
"north bend, wa",1
Iowa State University ,1
The Ohio State University,1
HOUSTON ,1
"Kentucky, USA",1
India ✈️ Chicago ✈️ D.C. ✈️ FL,1
"Dallas, TX.",1
FORT WORTH TEXAS! ,1
"iPhone: 35.300907,-85.900749",1
"USA, USA!",3
"Douglaston, NY",3
"Tucker,  GA",1
"Silicon Valley, NoLa, Boston",1
"  || san antonio, texas||",1
"Winter Park, FL ",1
"Fort Worth, TX",7
¢нιℓℓιи αт αи ιD ¢σи¢єят,1
Winchester | Northend Ma ,1
Where You Wanna Be,1
Nashville,4
Somewhere in Tennessee,2
"Memphis, Tennessee",3
ILLINOIS,1
"Springfield, MA",1
"Highlands Ranch, CO",1
310,2
"Kansas City, MO, USA",1
Kentucky,10
"camas, wa",5
TX | CA,3
"BRKLYN, NY",1
"chicago, il ",1
Washington DC via L.A. ,1
looking for alaska,2
"Scottsdale, AZ",10
"St. Paul, MN",1
city of Lost Angels,1
"Opelika, Alabama ",1
Dirty South Jerz,1
TX ΚΔ,1
"Bellevue, WA",5
Ottawa Canada ,1
"Dallas, TX ",3
yuma az,1
In my mind,3
"Rochester Hills, MI",3
Sittin on the dock of the bay ,1
WORLDWIDE,2
Northern UT,2
"Astoria, New York",2
"san diego, CA",2
SF by way of NY and UNC. ,2
"Beaverton, OR",1
"Liverpool, NY",2
"University City, MO",1
"Annapolis, MD USA",1
Glen Burnie,1
"Zephyrhills, Florida",2
( Maryland | North Carolina ),1
johnson city tn,8
"denver, co",1
New Mexico,4
Pocono Raceway,1
South ~O-H-I-O~ Side,1
Seattle (duh!),1
Milwaukee wi,1
"Phoenix, Arizona",1
"Tempe, AZ & World Wide",3
www.twitch.tv/sovindictive,1
"Grand Rapids,MI & Orlando, FL",1
10 Miles South of Nowhere,2
"Grand Rapids, MI",1
"PHX, AZ",3
"Suwanee, GA",2
"Missouri, unfortunately.",3
"Reno, NV, USA, Earth, Sol",1
D{M}V,2
Orlando Florida. (Winter Park),1
Merica,1
"boston, ma",2
"San Diego, California",1
a cell tower,1
"Hollywood, CA",2
"Ottawa,Canada ",3
"Springboro, Ohio",1
"Lake Arrowhead, CA",1
"Queenstown, MD",1
~~ Rhode Island ~~,1
'Zona,3
"ÜT: 34.621818,-82.614032",1
"ÜT: 33.648576,-117.898653",1
New York City/San Antonio,1
Nashville/Franklin,3
"Plain Ol Plano, TX",2
"Lincoln, RI",1
"Uvalde, TX",1
sacramento.ca.usa,1
"Columbia, Mo.",1
bev. hills!,1
"McKinney, Texas",2
indiana,2
On It,2
We know all so follow -A,2
Calgary AB Canada,1
Tampa Bay (Chicago native),2
"Gridley, CA. ",1
schuhm@wjz.com,1
"New Orleans, Louisiana",1
Omaha,2
"Boca Raton, FL",2
"iPhone: 38.639580,-90.237061",1
"Williamsport, Pa",1
SEA,2
NYC or a plane,1
Somewhere living life....,1
"Round Rock, TX",4
"Chicago--Savannah--Atlanta, GA",1
West Coast,4
"Denver, CO. USA",2
508--954--305--615,1
CT ,5
"Duluth, GA",2
Barrie | Ontario | Canada,1
13Curious,1
NorCal - Eugene - Indianapolis,1
"minneapolis, mn",2
Space (till back in the PH),1
NM  TX  PA ¯\_(ツ)_/¯,1
"Tempe, AZ",3
Gone West,2
UNICEF NYHQ,1
"Sutherlin, Oregon",1
florida,3
"La Jolla, California ",1
Vegas,3
"iPhone: 44.912468,-93.318619",2
Minnesota,5
Clearwater / Bethlehem,1
Live Free or Die ,2
"Ithaca, NY",2
Northwest,1
pittsburgh pa,1
"Window Rock, Arizona",1
ʞᴚoʎ   ʍǝu,6
"Canton, MA",6
"Roseville, CA",1
"Melbourne, Australia",8
Alabama,4
"dallas,texas",1
Scottsdale Arizona,1
"Rochester, Michigan",1
"Powell, TN",1
"Indianapolis, USA",1
"601,303,404,✈️ 400Blk",1
HTX,1
"Phoenix, AZ",12
ATLANTA ,1
Milwaukee,6
Wisconsin,8
"Chandler, AZ ",1
"Rockwall, TX",1
"The Bull City, NC",1
"Lake Buena Vista, Florida",2
The Hill!!!,1
they/them,3
Rite behind my $$,2
1/3 whenever november ,1
TX // IN,1
Maryland,10
Fayetteville North Carolina,2
"Bay Area, California",2
californyeah,1
Washington | Tampa | Baltimore,1
Los Angeles/Chicago,1
"Warren, OH",2
Zamunda ,1
"Centerville, TN",1
"Southern California, USA",1
Bay Area - Cali,1
D.C. Metro Area,1
"NH, United States",2
"tampa, fl",1
"Rockwall, TX USA",1
North Minneapolis,1
"Hockeytown, USA",1
MA,5
"ÜT: 40.819919,-73.864869",1
Miami,11
ATL   ,1
Dallas tx,1
here there many wheres,1
Maryland and Washington D.C.,2
"Rogue, USA",2
http://goo.gl/eZTfG,3
Where the wild things are,1
Brawley,1
Nashville by way of New York,7
murfreesboro,2
"Beaufort, South Carolina",1
Kirkwood Missouri,1
The Wild Blue Yonder,1
"los angeles, ca",2
"Tampa / St Petersburg ,Florida",2
"Atlanta, Georgia",2
Boston (sort of),1
PostVegasDepression in Texsus,1
The Sunshine State,1
2/26/14,1
Richmond and Virginia Beach,1
TRI CITIES (TRI),1
Ig:@/imaginedragoner,1
ABQ,1
"Florida, Arizona, Worldwide",1
"Baltimore, MD/Wash. DC area",1
"Miami, FL",10
PlanoTexas,1
Windsor& Los Angeles-Cali Life,1
"Austin, TX, USA",3
"Worcester, MA ",2
Somewhere over the rainbow.,15
Most States in US,1
Nashville Tennessee,4
"Suffolk County, New York",2
Central Jersey,1
"Atlanta, GA USA",3
"College Station, TX",5
✈ Check ☟ out ☟ my blog ☟,1
"Dallas,TX",1
"FL, US of A",2
Tennessee Original,1
On the 757 Right Coast,1
"Nashville, Tn",1
Marina Del Rey,1
"Clover, SC",1
Duke University Class of 2018,1
"Spokane, WA",1
"Roseville, California",1
"42.102725,-87.970154",1
"Oakdale, CA",2
Hanging with Carmen Sandiego.,3
CO to CA,2
washington,1
Park City,2
Boston ,3
New Orleans/Dallas,2
Most likely Costco,1
Kalispell Montana,1
"Downtown Dallas, Texas",2
CHICAGO-STL,1
Classified ✈️✈️✈️,1
New Hampshire,4
La Florida,1
soundcloud.com/ibhoody ,1
0/5 0/4,1
Lubbock Texas,1
HOOSiER STATE,1
"SMALL TOWN, USA",2
"Portland,OR--Tempe,AZ",1
"Midlothian, Virginia",2
I forgot - Earth Maybe??,1
"Eastern Time, United States",1
 Ole Miss • ATL ,1
"Nashville,TN",6
Seattle area,1
"Do as you wish, with integrity",1
Houston TX,3
"Sunrise Beach, MO",4
"College Station, Texas",1
"ÜT: 35.935585,-86.886267",1
"Los Angeles, New Orleans!",1
"nashville, tn",1
on the water☀,1
"Campbell, CA",1
St. Petersburg,1
CSB/SJU,2
" NASHVILLE,TN ",1
"Palo Alto, California",1
"baltimore,  md",1
dallas tx,1
"Durham, NC",7
"Des Moines, Iowa",1
"Santa Ana, California",1
nyc/nashville/san diego,1
"New Braunfels, TX",1
"San Francisco, California ",1
212 by way of the 504.,1
Here and there.,1
"Flowood, MS",1
Where you want to be!,1
Atlanta Georgia,1
"ÜT: 32.259172,-110.788252",1
"Huntsville, AL",1
"Orchard Park, NY",1
"iPhone: 36.205651,-86.695243",1
Château d'If,4
Pittsburgh PA,1
"Minneapolis, Minnesota ",1
"Delray Beach, FL",3
"Ellicott City, Maryland",1
Philly,9
"Midvale, UT",1
AZ - USA,1
"Lawrsh Ainjellush, CA",1
TN,1
District of Corruption,1
"Broomfield, CO",1
"Northridge, CA",1
orlando,1
"London, Ontario, Canada",2
Chicagoland Area,4
"east brunswick, nj",1
Logan International Airport,32
Somewhere eating swine...,2
Canton MA,1
"ÜT: 40.907502,-73.85468",1
In Oakland; Hoosier at heart,1
"Port au Prince, Haiti",1
"Stoughton, MA",1
New York-ish + Airport Bars,1
"Newcastle, Uk",2
Inter/Outer-Continental U.S.,4
" Bronx, NY / Destin, Fl",1
"brooklyn, ny, us",1
anaheim,2
where the Bulls/Bears play.,1
N 40°39' 0'' / W 73°55' 0'',1
l be where l'm at,1
All over ...,3
Citizen of the world dahhhling,1
COMPTON/AZ,1
"Las Cruces, NM",1
"iPhone: 40.955353,-73.813942",2
"NY,NY",2
"Buffalo, New York",3
Vermont,1
South Florida,5
central mass,2
Buffalo,8
Dubai ,4
boston ma,1
KFDK,3
NYC ,3
ClayCo ATL,1
Philadelphia/Cali,1
805 CA,2
22nd Century,1
DC SF,1
Somewhere being productive,1
"Long Beach, California",1
The Bronx || Inwood,1
"Washington, DC 20003",1
"Olympia, WA  ✈ Charleston, SC",1
NYC/RVC/CHS/WASH DC,2
Northeast by SoCal by Carolina,1
"Valsayn, Trinidad",1
"Boston, Austin, Kansas City ",7
"Isle of Palms, SC",1
650/415/510,1
"Stratford, CT",3
"ÜT: 40.645173,-73.898268",1
サマセット、ニュージャージー州,1
Fl...oating off into space,1
hermosa beach california,1
Memphis (901-683-0989),1
Will Work For Music,1
the tristate,1
"Los Angeles, Calif.",3
The Road to Damascus,1
V I R G I N I A ! ! ! *804*,1
Somewhere,2
BWI,1
"Honolulu, Hawaii",1
"Slum Village, NY",1
usually home,1
MichaelKay Ward DeLa Hoya HHH,1
Bey-Land. Eagle Nation.,1
Miami Beach FL,1
at Lil Kim's House ,1
New Orleans ,1
instagram:Torrinichelle,1
"Wherever the bacon is, USA",1
"Cadiz/Louisville, Kentucky",1
CA/NJ,1
Flexin in Zamunda,1
St. John's ,1
"Melbourne, Aus",1
"Victoria, BC, Canada",1
WAITIN AT THE DOE,1
"Phoenix, AZ // NJ",1
Bushmansted,1
 D(MD)V ✈️ NYC ✈️ Germany,1
Tiger Town,1
Joja,1
"Union City, CA",1
Courtside or the 50yd Line,1
Memphis to Alabama. ,1
Sunny Cali by way of NYC,1
THE ROCK - hive,1
WNY,1
Floating in the Pacific,1
"Ft. Lauderdale-Davie, Fl",1
Kansas City/Milwaukee,1
Bawston,1
dayton ohio,1
"Poughkeepsie,NY-Manayunk,PA",1
"El Paso, TX",6
"New York, NY | Washington, DC",1
FL Girl ✈️ DC Livin,1
"Queens, New York",8
"Baltimore, Maryland",3
"Columbia, SC",2
New Yawk,1
Eternity|GOMAB,1
Denmark,1
Friend Zone ,1
Gates Ave- Brooklyn,1
"Detroit, MI",4
No soy de aquí ni soy de allá,1
Land of the ✌️free✌️,1
NJ and NYC,1
 Tally,1
Vuhginyah ,1
From Capitol Heights With Love,1
The Friendzone,1
"kingston, jamaica ",1
ON. ,1
1 of the 50,1
oh so magical.,1
Washington D.C. / Chicago,1
"ÜT: 33.464681,-84.173362",1
Raising Through 7,1
DMV,2
Thanks for asking,1
Buck Guy City,1
"Manhattan , New York",1
"NY, LA ",1
"Ga, DC, Kemet",1
~FlighT SchooL~ ,1
SF - NYC,1
the left coast,1
MPLS,1
In your liquor cabinet. ,1
i'm only human,1
"Jersey bred, Atlanta resident",1
in the wind...,1
interstellar,1
Binghamton University ,1
"New Brunswick, NJ",1
DMV/CLE,1
Where there is love..,1
"south gate, california",1
"Dallas, Tx USA",1
vᴧ ,1
California ,1
"ÜT: 28.217707,-81.45223",1
Out There,1
561 ✈️ da globe,1
... (shrugs),1
RVA-804\757,1
KCMO - University of Missouri ,1
OAKLAND CALIFORNIA,1
Morning Wood Terrace ,1
SoCalifornian in OH,1
the road less traveled. ,1
Pittsburgh — now & forever,1
"Home: IAD, College: JFK",1
Jupiter,1
"Tempe, Arizona",1
greater los angeles ,1
"Orange County, Ca.",1
KΔ. Boston. ,1
"Bangor, Maine, USA",1
Queens New York City,1
STX ✈️ MIA ,1
"Bronx, NY",5
OP NY,3
NEW YORK,2
"Boston, MA.",3
"Burlington, MA",4
"Auburn, ME",1
Wien,1
Chicago IL,1
Cape Cod Ma,1
"Muttontown, NY",3
Puerto Rico,7
"Boston, MA / Stockbridge, MA",1
A Galaxy Far Far Away,1
"Plymouth,  MA",3
NYC/Austin,1
gathering just enough moss,1
"Gainesville, Fl",2
"Lexington, MA",1
"40.41,-73.19",1
SF,1
Right Coast,7
Connecticut ,1
Planet Brooklyn,3
Provincetown Ma,5
Hardly home but always reppin #562,1
Brooklyn NY.,2
NYC | NOLA  ,6
Austin + Brooklyn,1
Long Island - Arizona ,16
indoors,2
Mexico-Colombia,1
LA/NY,1
"ÜT: 18.463449,-70.003608",3
Canadian planted in USA,1
1-800-JETBLUE,2
Gotham,4
NYC ❄️ / COL ,1
REVERE MA,1
Brooklyn =),4
Merrimack NH,1
massachusetts yall~~~~~~~簡単に行く,2
Washington DC Metro,2
3Ø4 ,5
Greater Boston Area,3
"Sarasota, FL",6
"42.3806° N, 71.2350° W",1
"breukelen, ny",1
New York / Bahamas,1
"Ft. Lauderdale, FL",1
"Port-au-Prince, NYC.",1
Palo Alto CA,1
#Titletown,1
N Y,2
the burg nj,5
New York/Long Beach,1
LA CA USA,2
GOLD COAST / MELBOURNE,1
"New Orleans, LA",9
"ÜT: 41.033836,-73.775829",1
"Beverly Hills, CA",1
austin,5
scarborough ontario canada,1
• PSU '19 • faith • ,2
"Naples, FL, Boston, MA",8
The Old Dominion,2
"Florham Park, NJ",2
"Larchmont, New York",5
"Southbury, CT",2
"Malden, MA",2
brooklyn,4
"west hartford, connecticut",1
Merrick,11
London/NYC,2
new york city,22
"Dayton, Ohio",1
RTR,1
"Manhattan, NY",3
UAE,1
BB PIN:28AF78F4,3
From the South to 'THE' South ,1
"Lynn, MA",1
"ÜT: 42.487548,-71.103035",1
wherever,1
SOUL CLAP/ STAR TIME/BBE,3
"Easton,Ma",1
"Sands Point, NY",2
D.C,1
"ÜT: 33.724561,-84.565845",2
"Miami/Ft. Lauderdale, FL",2
"sweatertown, new england",2
"Toronto, Canada ",1
metro Boston,1
Long Island/Westchester,2
By mile 3 of the NYC Marathon,2
"Long Island, New York",1
Harvard Professor & MD,3
"ÜT: 41.538301,-74.072016",1
"40.741909,-73.997189",3
Austin Texas,2
"Stamford, CT",4
Mannahatta,4
JetBlue T5 at JFK,1
Virginia & Cali,4
Louie's in the Bronx,1
NYC✈️MIA,1
"ÜT: 27.947395,-82.215546",1
Costa Rica,1
CONCRETE JUNGLE,6
Coming to a City Near You!,1
"face, space",1
"Queens, New York ",1
new york.,1
LA & Boston,3
"boise, idaho",3
Sub to me! ,1
"Troy, NY",4
#theBronx ,1
"Albany,NY",1
"Salem, NH",1
ravioli,2
"New York, NY | Orlando, FL",1
Central Perk,6
"ÜT: 17.9889591,-76.7712636",2
Long Beach,2
Where my pockets can take me,1
Ft. Lauderdale,6
Bushwood,3
Brooklyn!,1
As global as possible,2
.,1
"Hastings on Hudson, NY",3
Here & There,2
planet earth,6
Leighton Buzzard,4
Boston MA USA,1
Bad Wolf Bay,2
The City of New York,1
South jamaica.. Queens,5
shopping. anywhere  ,2
SJ-BOS-SJ,2
"Suburb of Boston, MA",2
brooklyn ,1
"Bay Area, CA.",4
Tampa FL & Hendersonville NC,1
"Hong Kong, SAR",1
New York-Florida,1
"Hoboken,NJ",1
key west to bar harbor,1
"Buffalo, New York, Florida",1
"New York, Tel Aviv",1
so cal,3
FL350,1
Philadelphia,13
"West Berlin, NJ",2
JAMAICA&USA,1
"Rochester , N.Y",1
"Austin, TX/NY, NY",1
"Fort Lauderdale, Fl",1
"Boston, USA",1
The Eastside of the Far Side,6
Australia,1
"iPhone: 28.356075,-81.588827",1
"Miami,Florida",2
nyc ,2
Orlando,5
"East Greenwich,RI",2
Germany ,2
Orlando - ΜΣΥ,1
"Quincy, Ma by way of The #413",3
North Shore Massachusetts,1
BrendaPriddyAndCompany.com,1
"Salt Lake City, Utah ",1
manhattan. ,2
The Big Manzana,1
"San Diego, CA (760)",1
Hollywood,2
10 ring,5
"Manchester,CT",1
Across America,1
Jamestown Virginia ,3
✈️FL/NJ/NYC,3
Miami | Puerto Rico ,3
Northern California/Medellín,2
"Roslyn, ny",1
Tonawanda NY,2
MA & NJ,1
Boston College,3
"South Park, Pa",1
NOVA,2
"Naples, Fl",1
New Jet City,2
MiamiKlko,1
Logan.Utah,3
NY NY,3
"ÜT: 48.837756,2.320214",1
Richmond BC,3
✖️ || 4/5 || ✖️,1
Metro Washington DC,1
"Miami, Florida",3
"Amherst, NY",3
Chasing the dream,2
Where the food at,1
"Easton, pa",1
"Marblehead, MA",1
Bay Shore NY,1
"29 Sawyer Rd., Waltham, MA",1
the friendly skies,1
NBMA,3
Inquiries: CAA  •  Miller PR ,8
"gulf coast, FL",1
On the road to paradise,2
Great Lakes,1
Saint Leo ,3
im 5sos af :))),4
virginia,1
san francisco CA,1
"ÜT: 40.96513,-73.872957",10
#ManorvilleInExile,5
2861,1
Evanston Illinois,1
Dominican Republic,1
"Southborough, Massachusetts",1
"Denver, CO/NYC",1
"Forest Hills, NY",2
"Washingon, DC",3
New York & LA,1
"South Miami Heights, Florida",2
Wirral England,1
PHL,1
Out and About - Homebase is MD,1
Atlantic City ,2
"Alexandria, Va",1
ft Lauderdale,2
pnw,3
The Suite Lounge,2
Buffalo NY/ Pinehurst NC,5
new orleans,5
"Mill Creek, WA",4
right behind you,3
"Pescadero, CA",1
"iPhone: 33.761105,-118.193817",1
Manhattan,1
BOS via ROC,1
Newport Beach,2
NYC | CT,7
"Florida, USA",3
Parkland Fl,1
Rhode Island ,1
"Long Beach, NY",1
"Chicago, an Airplane or Train ",1
South West UK,1
Satellite Beach Fl.,1
"Milton, Massachusetts",1
BOSTON,5
"Provo, UT",4
Scottsdale,1
"Orange County, USA",1
"New Vernon,  NJ",1
Somewhere in between,1
Bahhhston.,1
"Greenwich, CT",5
Dorado,6
"Arlington, Virginia ",1
boston,5
"Miami, FL ",1
❤,2
plymouth ,1
Jetsetter ✈,1
"Jersey City, NJ ",1
"Wayne, NJ",2
"Miramar, Florida",1
"Boston, Ma.",1
"Austin, Texas, USA",1
"Clinton, CT ",1
Jersey City,1
"Olean, NY",1
✈️✈️,1
"iPhone: 60.495510,-151.064590",1
"austin, texas",1
OH-LA-AZ-NY-AFG-IL-?,1
"Yauco, Puerto Rico",6
Puerto Rico ,2
ELL LAY,1
"Old Greenwich, CT",1
california ☀️,1
"Savannah, GA",1
undecided,1
Missourah,1
"Astoria, NY",2
Paper Street,1
"Fort Mill, SC",1
✈️ Birmingham ✈️ Brooklyn ✈️,1
"Boynton Beach, FL",2
Facebook: BÚFALOS F.C.,1
Charleston/Houston,1
Wherever Travel Team C sent me,1
Saratoga Springs,5
Triad,1
"Austin, tx",1
"Gulfport, MS",1
Just outside of Thunder Dome,2
Tidewater - Virginia,1
"Dumfries, Virginia",3
"In a galaxy far, far away ✨",1
"Hanover Twp, PA",1
"Central, New Jersey",2
"Atlanta, United States",1
YouTube.com/VOiceofBrian,2
#yeahTHATgreenville SC,1
East Coast/New England,4
"Miami Beach, Florida USA",1
MN,5
"Greenville, SC",6
"millville,nj",1
Carmen SanDiego,2
"Crofton, Maryland",3
"Oswego, NY",1
Stafford VA,2
"Washington,D.C.",1
"cheektowaga, ny",1
"Porkhampton, England",1
Knoxville,4
"Austin, TX | Atlanta, GA",4
"Denver, NC",1
"Irvine, Ca",2
"St. Louis to Parris Island, SC",1
Southeastern United States,2
"Keene, NH",1
"Knoxville, TN",4
"Columbia, South Carolina",1
"ÜT: 38.8676126,-77.0831512",1
Earth ,1
"Charleston, SC and the Earth",1
"Florida Raised, NYC Based ",6
South Jersey,1
citizen of the world,1
"philadephia, pa",1
"San Jose, Ca",3
at the rink,1
"Miami, Florida, USA",4
"Philadelphia, PA USA",1
The Shire,4
Does it really matter,19
TLH,3
"Spokane, Washington",3
Cali native now in Charlotte,2
VT,3
"mclean, va",2
"ÜT: 42.076557,-76.770488",6
VA,2
Wherever my breath takes me ,2
TotalWorldJaxxination,2
"Baltimore, MD ",2
#NAME?,1
Shawano WI,2
Aldie va,1
"wilmington, nc",1
Watching @Interpol somewhere,5
NYC // LI ,3
"Stillwater, MN",5
"39.0708° N, 106.9886° W",8
BK,22
Jacksonville,6
Mentor/Columbus,2
Danmark,1
"Carlsbad, CA",2
"Hillsborough, New Jersey",2
go central ,1
"Wayland, MA USA",1
east coast,1
Sheffield,2
babynole'18,4
"Newark, DE",4
Terrace Park OH,1
Southeastern Pennsylvania USA,8
ATL | DTW | NRT,1
earth for now,1
"Mobile, Alabama, US",1
Nube de la Reign,1
Your Dreams,2
"Sacramento, CA 95864",2
los angeles ca,1
"The Specific Ocean
",4
"NC, USA",2
"Miami, Fl. USA",2
"Sherman Oaks, CA",1
"Scituate, MA",1
Edmonton,6
"Great Barrington, MA",5
"Russia, Россия",10
Washington DC ,2
"Blackwood, NJ",1
"Adelaide, South Australia",3
Detroit - Hampton U.,2
Michigan ➡️ Florida,4
ImInMiamiBitch,1
RDU,1
Philly Yo,2
LS ❤️,1
Down The Rabbit Hole,1
"Wayne,PA USA",1
Austin TX,1
Louisiana,1
"Sandy Eggo, California ",1
"Phoenixville, Pa",1
University of Vermont,1
The Last Floater,1
"Washington, D.C. ",3
NY - SoFlo - The Tardis,1
WITSEC League,3
"Santa Cruz, CA",3
ODU swim and dive '17,1
"Celina, TX",1
Wherever US Air takes me...,1
"Spring HIll, FL",1
DC|LA,1
"Tuscaloosa, Alabama",2
New River AZ,1
Belle MO,23
"Thunder Bay, ON, Canada",2
"Miami Beach, Florida",3
"MA, NYC",1
stl,1
Philly Area,1
"Pony Paradise, VA",3
"Philly, Chicago, MSP, Vegas",1
O-H,1
"H-Town Houston, Texas",1
united states georgia,1
Jerz,4
"Beaufort, SC",1
Indiana!,3
SC,2
"St. Augustine, Florida",3
"West Chester, Pa",1
Atl,3
"Charlotte, NorCack",1
south beach/ LA / NC,8
"Bavaria, Germany",2
Boston area,3
Citizen of the World,1
"Atascadero, CA",1
"West Chester, PA",1
Sunny mountains of Arizona,1
Elmwood Park ,1
The Great Loop,1
"Livonia, MI",4
"Lewes, DE, USA",9
East Lansing,2
"G-Town, Geneva NY",1
"Goldsboro, NC",2
"Bonaire, GA",1
A galaxy far far away,7
Kingston ontario Canada,2
"Mount Airy, NC",1
World Wide,3
27265,1
"Windermere, Florida",1
"WCHOB, Buffalo, NY",1
"Saint Louis, MO",1
The Wilming Town,2
"Madbury, NH",3
"Los Angeles, Ca",2
On a beach,14
Global Citizen,1
"Wauwatosa, WI ",2
"Orange, CA",1
"Leesburg, VA",1
"Winston Salem, NC, USA",1
"Newtonville, MA",1
Where you least need me to be,4
"Pittsfield, MA",1
The 27th State ,1
Airports Around The World,1
KENTUCKINMYSHIRT,1
michigan,2
PR: 1stlady@theimagecartel.com,2
"brown deer, wi",1
Westeros,1
20001,4
Philly to NY/NJ,1
colorado,3
Greensboro NC,1
"Dallas, Burlington, Boston",4
violet crown,1
"Lexington, KY",1
♑ NYC,1
"Pittsburgh, Pa",3
Cape Cod,6
"Tipperary, Ireland",1
Syracuse,3
World,1
Indiana Girl,1
"Romansville, PA",1
"ÜT: 34.120264,-80.900129",1
LOS ANGELES,1
Wash DC Metro,1
Bruxelle-Paris-Marseille-(BPM),8
America ,3
SWFL,1
"Doylestown, PA",5
Blackpool,2
"kansas city, mo",2
"Phoenixville, PA",2
"Pennsauken, NJ",1
"75 Drayton Park, London, UK",1
"Thicktown, Thickania",3
"Elizabeth, PA",1
"Phila, Princeton, NYC. ",1
The Land of Twitter,1
"Unley Oval, Norwood SA",1
"Winston-Salem, NC",4
scrummy hooker ,1
US of A,2
Blue Ridge High School,4
"ÜT: 43.182918,-77.651224",3
New York State of Mind,1
"Leeds, West Yorkshire",2
wherever uncle sam sends me,1
"Cambridge, Ma",1
"MA, USA",3
"Columbus, Ohio USA",1
Old City Philly,5
"iPhone: 39.285219,-76.622649",1
"philadelphia, pa",2
"iPhone: 36.845329,-75.993790",1
"Robesonia, PA",1
Des Moines,1
"Adelaide, Australia",1
Boston Area,1
East Coast City,2
"Little Falls, NJ",1
http://about.me/miffsc,2
"Hoover, Alabama",1
Barneys New York ,1
"Ocean View, Hawaii",2
"Boston, Ma",1
"40.229994,-74.893221",1
The road to glory,1
"Levittown, Pa",1
"Virginia Beach, Virginia",2
www.bucknellbison.com,1
"This Ain't Chicago, Tennessee",1
Brooklyn ,1
"Southampton, UK",2
"Mabel, MN",1
Sapere Aude,1
"Wisconsin, Arizona and...",1
"oakland , ca",1
connecticut,1
Where ever God puts me,1
"cincinnati, ohio",1
33027,2
Rhos-on-Sea,1
Flyover country,3
GLOBAL CITIZEN,4
"Asheville, NC",22
"Kokomo, IN",2
"CT, USA",9
"West Des Moines, IA",1
Arizona,5
"Downtown Phoenix (#dtphx), AZ",1
"ÜT: 43.106744,-76.14949",1
dc ,1
"Miami, Fla",1
"charlotte, north carolina",1
Cleveland/Sandusky,2
NYC/Nashville,2
the peez,1
Nashville/NYC,1
Burbank,2
"ÜT: 36.149602,-86.779693",2
"Falls Church, VA",2
"Wexford, PA",1
"Pittsford, Vermont",2
VA ,1
"Sequim, WA",2
"phoenix, AZ",2
Delaware,8
"Nürnberg, Germany ",2
Chesapeake Bay watershed,2
Nairobi,2
nashville via minnesota,1
Raxacoricofallapatorius,5
Russia,1
Los Angeles by way of Philly,2
somewhere only we know,1
"Rialto, Ca",1
"Crystal Lake, IL",2
Been inside your mum since '92,2
"Ptown, VA",1
"Rhode Island-Concord, NC-DMV",1
"neenah, wi",1
DC - SF - NC - MA,1
McKinney TX,22
"Stamford, Ct",9
Orlando ,2
"Independence, MO",2
San Francisco & Scottsdale,1
"Philadelphia, USA",1
"Callahan, FL",2
philadelphia,1
South Carolina ,3
Stratosphere ,1
Jamaica,5
"Atlanta, Ga",1
Terrapin Station,2
"ÜT: 41.5333,-93.62944",3
"ÜT: 38.955822,-94.728202",2
Somewhere in the Milky Way,1
"New York, London, Tokyo",1
"Washington, DC via Boston",4
Arlington Va,1
London ,5
tennessee,2
"iPhone: 38.851982,-77.185593",1
this must be the place,1
"Grand Forks, ND",1
"NYC, NY",1
Sunshine State,2
L.A.,1
"Berwyn, PA",1
PHL | SFO | $x,1
Indianapolis & environs,2
"42.635976,-71.164046",5
"Fairfield, Connecticut",1
"Boston,MA",2
West Palm,5
"QueenCity, USA ",4
"Washington, DC, USA",2
Dixie State College,1
"Dublin, Ireland",3
Nantucket,6
Flying Giraffe Travel,5
"Wendell, NC",1
"Haverford, PA & Wilton Manors ",7
GERMANY,3
DC via Louisiana,1
Chicago Area,1
NJ 973 | NC 910,1
"ÜT: 39.855018,-75.360949",2
The South,1
Williamson West Virginia,1
"11 W Boston St Chandler, AZ",1
Caywood,1
"Seat 3A, Always ",1
World Traveler ,1
"Farmington Hills, MI",2
Sydney boy in Sheffield,1
"On my phone, USA",5
"Austin,TX",1
"Silver Spring, MD",1
"Centreville, VA",1
"Ottawa, Ontario, The Universe",1
"ÜT: 41.233943,-74.3966664",3
"Naples, FL",1
Shenanigan Central,1
"Madrid, España",1
"Phoenix, AZ, USA",2
"Hershey, PA ",1
new yorker stranded in PA,4
Paradise Falls,1
" Mexico, D.F.",3
"Monterey County, CA",11
The alternate universe,1
"Bristol, CT",1
Pune,1
Home sweet Hollywood Home,2
"Waynesboro, VA",2
"Cary, NC",4
"National, based in Texas",2
"Mount Holly, NC, USA",1
North Carolina/LosAngeles,1
Dallas/Fort Worth,1
"County of Kings, NYC",1
"East Coast, US",1
U.S.,2
Iowa CIty,1
Twittersphere,1
"New York, NY | Brooklyn",1
Tacoma Washington,3
Central Pennsylvania,1
Jawjah,1
"ÜT: 39.041902,-77.099677",1
Anoka MN,2
 USA,1
757,1
Here. There. Everywhere. ,3
Scruffyville,5
"West London, UK",2
wonderland,1
Loch nEathach Co Aontroim,1
"40.0587, -75.3659",3
New York/N. Carolina,1
where ever i lay my hat,1
"Merano, Italy ",1
I'm a 917 girl.,1
"Born in NY, living in PA ",1
New York & Worldwide,2
The District of Columbia,1
NY/SoCal ,1
"Scott Depot, WV",1
Murfreesboro- Memphis  ,2
chu,1
"dublin, ohio",1
"Clemson, SC",1
"Redmond, WA",5
Sistine Chapel ,1
Here,1
"Syracuse, New York",1
"Kansas, USA",1
"san jose , ca",1
Connecticut/Vegas,1
Proud to say I'm from Dundee,1
"Lawrence, MA",5
"Lowell, Ma",2
"SBA, BOS, JFK, EWR, SFO, LHR",2
"ÜT: 42.798909,-71.542817",3
#Supergabe - Central Maine,1
"Raleigh,NC",3
"Winston Salem, NC",1
"Mesa, AZ
",1
The Rugby Universe ,1
"Boston, MA | San Jose, CA",2
"Birmingham, AL
",1
Made in China,1
Right where I should be!,1
"okinawa, japan",5
Planet Earth,4
"Fort Wayne, IN",1
"Palm Springs, CA",2
"Miami,Fl",2
"Fernandina Beach, FL",2
"Charlottesville, VA.",2
CT to Queens ,4
"London, ON'",4
"Richmond, Virginia",2
NYC/London ,3
Houston Texas,4
"Major metro area, USA",1
Lexington,7
where you want to be.,4
"Worthington, Ohio",3
"Indianapolis, IN, USA",1
Any Martin Luther St.,5
"Atlanta, Ga. ",1
Tri-State ,2
On a mountain in Eastern PA,1
"Providence, Rhode Island",1
Mid Michigan,2
Up In The Air,2
Mumbai,1
"Milwaukee, WI ",1
"Pasadena, CA",1
"salt lake city, utah",3
Under your bed,1
"IL,USA",2
Islamabad,1
metro #wdc. prev #rva + #atl.,1
"Nashville, Tennessee",1
"Salisbury, MD",1
"Wilmington, NC",1
"Nashua, NH",2
Neverland ,1
"Bloomington, MN",1
Philadelphia Suburbs,2
Manc.,1
"South Shore, MA",7
Wading River,2
Always Traveling,1
"Charlotte, North Carolina",5
"Centerville, Ohio",1
"Westbrook, CT",1
SportsCenter,1
DC / MIA,3
NEXT D00R 2 U  ( Chiangles ),1
"Here, There and Everywhere",4
Where Music meets Visual Media,1
Charleston,1
Miss California United States,3
"ÜT: 38.907675,-76.944183",1
"Jupiter, FL",1
"Portland, ME",3
Virginia Beach,2
"Charlottesville, Virginia",2
"Research Triangle Park, N.C.",2
All Over the Damn Place,1
"Newtown, Pa",2
Beavercreek Ohio,4
"Mission, Kansas",2
This is an AD account. 18+,1
"Lima, OH",3
Queens,3
"Dallas, TX by way of Tampa, FL",2
"Fife, Dunfermline",1
Dublin Raised | Brooklyn Based,2
Downers Grove,2
MiamiHoustonDCHouston,5
"ÜT: 35.029717,-80.9659",1
Anderson,1
"North West, UK",1
Somewhere Creating,1
often underwater,1
Brighton,1
Liverpool,3
"Frisco, Texas",4
"Worcester, UK",2
"San Antonio, Republic of Texas",2
Tampa Bay,2
"Austin, but often Denver",2
New York Tri-State,3
"Cincinnati, Ohio",2
DC to STL ,2
"Newport Beach, CA",2
oklahoma,2
"North Saanich, BC",7
"Brooklyn, NY and all over.",4
"Plano, TX",5
the one and only TEXAS!!!!,6
MiniApple(s),4
"DFW, TX",6
NY (Globetrotter.ExBonaerense),4
usa::fr::uk,10
"Bangkok, Thailand",2
Arkansas,8
Great State of Texas,2
City by the Bay,2
Greater New England Area,4
"indialantic, fl",2
513/lexingtonKY,2
Posted,2
Dallas via NYC via the OC,4
Raleigh NC,2
East Coast     CT.,2
"alexandria, va",2
new england,2
LBK,2
New York/Nicaragua/Miami Beach,2
Southern Suburbia,2
"Plano, Texas",14
Miami ,3
"Euless, Texas",3
"Edmond, Oklahoma",3
on @TheJR,2
"Caribbean, New York and Miami.",2
"Sunnyside, NY",1
Thataway,1
Itatiba/SP,1
erie pa,1
DFW Area,1
 Los Angeles,1
"Denton County, Texas",1
United States of America,3
"DFW Airport, TX",2
JAWJA,2
Deep in the Heart of Texas,1
Castellon & Daytona Beach FL,1
north carolina,1
"Mount Dora, Florida",1
my top secret gaming facility,4
✅,1
Lake Arrowhead,2
"Pirate Isle, Arcadia",2
"ÜT: 26.72488,-80.13666",1
san francisco califorania,5
Largo florida,1
"Toronto, Ontario, Canada",8
"Harrison, New York",3
World Wide.,1
"ÜT: 40.755844,-73.945229",1
"iPhone: 37.621227,-122.386002",6
Fort Myers,6
"Dallas,Tx",3
Nevada,5
"Surrey, UK",3
Newark NJ ,1
Middle earth ,1
"Waco, TX",3
Glasgow via Cork,3
Missouri State University,1
SR2,4
"Phila, PA",1
Somewhere In The World...,2
northern ireland,1
"Waynesville, OHIO",4
Metropolis,2
"Wichita, Kansas",4
Mitten,1
eating curly fries w/ the wife,4
Nashville/Space,5
Crestwood,1
Finn between Detroit & Toledo,5
Syd.,1
New Delhi,1
127.0.0.1,1
Cumbria,1
Tucson,4
Manhattan ,2
"new orleans, la",1
'Straya',3
"Wiltshire, UK",1
North Hollywood,7
The 2nd star to the right ,2
"Moore, OK & Woodway, TX",4
The Great State of TEXAS,4
N to da Y to da C ,2
Living my dreams in motion ,1
MIA || CHI || NYC,1
Founder of #MovieChurch,2
luke.asper@gmail.com,1
"Greenbow, Alabama",3
College Station,4
district of columbia,1
WARNING: Explicit language,2
"iPhone: 40.829401,-73.926223",2
Left hand seat in flightdeck,4
Arlington VA,3
"Cincity, ❤️hio",1
"Orlando, FL ",9
"San Antonio, TX / Boston, MA",1
"Sugarhood, SLC",1
SE USA,3
Belleville,10
"The gym, having a pizza. ",1
Mexico DF,1
AJ's Heart,1
"Washington, DC via Wisconsin",1
Louisville KY ,1
kansas city,1
"Seattle, WA, USA",2
Miami FL,1
"ÜT: 34.658262,-86.479396",1
PDX JFK SFO BDL,4
"Brevard, NC",3
about.me/ajdelgado,1
The Onion Land,1
San Antonio Texas,1
"Austin, Texas area",2
México,1
"Lake County, Illinois",6
Sassy southerner in Chicago,2
"Menomonee Falls, WI, USA",1
☀️SoFla☀️,4
South Wales,2
"Charlotte,NC",1
"NC by day, DC by night....",2
Winterville NC,1
"Hants/Surrey, UK",1
NYC - Miami - Chicago,2
"Dallas, or sometimes Detroit",1
"Michigan, US",6
Somewhere on Tyneside,1
"ÜT: -37.82304,144.961311",1
Chicago!,2
I am from Internet!,1
Lee's Summit,1
Brooklyn to Across the Globe,1
OREGON,2
"Dallas, TX, USA",1
Preferably on a plane,1
"birmingham, usa",2
 NYC,1
I'm everywhere.,2
"Cuenca, Azuay, Ecuador",1
"Gilbert, AZ",5
PNW,2
"Washington, D.C",1
"Dublin, Ireland ",2
The Republic of Texas,4
"Bartlesville, OK",2
Present ,1
"Boston, MA - Scottsdale, AZ",1
CHI/ATX,1
Fort Lauderdale-Dallas-Boston,1
Milky Way:Orion Arm:Earth:DFW,3
"san marcos,ca",3
Turks and Caicos Islands ,2
"ÜT: 41.498967,2.186957",2
Here. But I want to be there.,1
"Hutchinson, KS",2
Vancouver,1
"Guadalajara, México",2
DC/OKC,1
"Dallas, Tx, USA",2
"Austin, TX. ",1
Greater Geelong ,2
MPLS/ATX/BK,1
Hampton Roads,1
"iPhone: 41.890884,-87.631195",1
"Bennington, NE",3
Netherlands,2
Jacksonville Florida,2
N 44°0' 0'' / W 92°25' 0'',1
"21.791267,-72.189674",2
PR/Miami/San Francisco,1
"BPM, WMC, DEMF, BM, ADE, etc",1
"Allen, TX",4
Chile,1
✡ Los Angeles ✡,1
"ohio,panama",1
Chicago Subs,1
Helsinki Airport,1
New York | Hong Kong ,4
Long Island / Albany,1
"ÜT: 37.77581,-122.419796",4
"Innisfail, Alberta",4
Miami Beach,6
"the one, the only.... NYC",1
Bromyard,1
'Merica,2
NYC area,1
milford.,2
"Chicago,IL",5
"Lantana, Tx USA",1
"iPhone: 38.961334,-77.006119",3
"Aspen, Colorado",1
"Amityville, NY",2
"suburban Chicago, IL",2
São Paulo,4
KFAR,1
lydham shropshire uk,4
Could be Anywhere,1
QCA,2
"Buenos Aires, Argentina",3
Where the wind takes me ,1
"Monterrey, Nuevo Leon",1
VB/VA,3
"Santa Monica, CA",3
Everywhere ,2
⋆city of lost angels⋆,2
Saint LOUis,1
Portsmouth UK,1
"Branchburg, NJ",1
"Chesapeake, VA",1
"College Station, Tx",1
"Renton, WA",3
Evansville - LA - NOLA,2
Brantford,2
"ÜT: 42.63352,-83.624194",2
St. Catharines,5
prensa: @talentolatinotv,1
fort worth,1
Brklyn by way of San Franciso,1
"Russell, KS",3
#NAME?,2
Texas Tech University USA,1
"Bentonville, Arkansas",3
Youtube | crackedchinacup,1
Bentonville  Arkansas,3
"Fort Smith, Ark.",2
Brooklyn by way of Chicago,3
Northwest Arkansas,1
cali bound,3
Southern Wisconsin,2
Ando por el mundo,3
Hawaii/Dallas/Tucson/LA,3
"Albuquerque,New Mexico ",3
Saint Maur des Fossés,4
Hertfordshire & London,2
"St. Louis, Mo",2
"Wichita Falls, Texas",1
"Tokyo, Japan",3
"Napa, CA",1
LA via NY via SP,1
Indianapolis ,2
A tiny place in the universe,1
"Glastonbury, CT",1
"chapel hill, nc",1
Bexleyheath,1
Buenos Aires,1
"Vienna, Austria",1
"Rockville, MD",1
texas,1
Illinos,1
Glasgow / Scotland,1
"Lafayette, LA",2
world,1
"Kansas City, MO USA",3
Londres,2
"ÜT: 47.683801,-122.327443",1
Pride Rock ,1
"41.301208,-81.750618",2
"Natchitoches, LA",3
"dallas, TX",2
"Charlotte, NC | Köln, NRW",4
Vancouver - Ann Arbor,1
"Glendale, Arizona",1
"ÜT: 40.881241,-73.107717",6
piffaca,1
"Boston, MA USA",1
Sloop,1
"Midlothian, TX
",1
"Merion, PA",1
"Lost boys, Neverland",1
ATX ,2
Cathedral Heights,2
Guatemala.,3
ig; tannersayre,1
"Bloomington, IL",3
"Kingsville, TX",2
Dallas | Los Angeles,2
"st paul, minnesota",1
Buda Texas,4
"Toronto,Montreal,L.A,NY",1
Leon. De los aldamas,1
Wherevers not gonna get me hit,1
Montgomery Al,1
Instagram: @rad_mika,1
tejas,1
West Palm Beach,2
"Salt Lake City, USA",1
"Jacksonville Beach, Florida ",3
"Portland, Orygun",5
Windy City,1
Omaha ,1
"Carlsbad, So Cal from Hawaii",1
Windermere (seattle),1
"Tampa, Fl",3
"Chicago, Mumbai",1
Ithaca til May 2015,1
"midlothian, tx",1
SNY in NYC.,2
Mind Tripping,1
✨,1
NYCATL,12
Santo Domingo ,3
"Kitchen, office or on the road",3
"Jackson County, Oregon",1
"Fort Myers, Florida",2
"Behind you, look again.",2
The Ted Williams Tour,1
"Frisco, TX",1
NYC/TX,1
Abbotsford,1
"Dallas Area, Texas",1
L-Town,2
"waco, texas",2
Tem conexao? To aqui entao! ,1
Cambridge MA,1
"Urbana, IL",2
"New Orleans, La",1
"Rossford, Ohio",5
60093,1
"Springfield, Illinois",6
"Redwood City, CA",1
"Weston, CT USA",1
Pekin,28
'Greatness has no limits',1
North of 146th,2
Far From Home,2
Ciudad Juárez MX. [CJS/MMCS],1
O.K.C.,3
Brasil,1
Seat 4B,1
The Greatest City in The World,1
southeast,1
KY,9
"ÜT: 38.830712,-77.110175",1
Lake Norman NC,1
Corona Del Mar,2
The Hague,1
Pocos de Caldas,6
"Canterbury, Kent",1
"Mexicali, B.C.",1
Atlanta Ga && Traveling,1
"West Covina, CA",1
Rive-sud de Montréal,2
"Ann Arbor, MI",1
everywhere,1
"Brookfield, WI",2
saint paul,1
U.S.A.,1
hertz's couch ,2
-тнαт νσι¢є ιиѕι∂є уσυя нєα∂,1
"Worldwide, based in Dallas, TX",1
Somewhere East,1
"Naperville, IL ",3
SCL,1
"Ocean Ridge, FL",3
"Tucson, Arizona",2
★ Chicago'ish ★,1
in your fav mags & blogs!!!,1
Reading MA,1
Jeddah-Karachi X NYC,2
Nashville TN,2
"Nicosia, Cyprus",1
"dallas, tx",1
"Manhattan, Kansas",1
Cool suburb N. of Dallas,2
"San Marcos, Texas",1
"Great Abington, Cambridge, GB",2
Teh internets,1
"Cambridge, Massachusetts",1
"Champaign/Urbana, IL",1
"Tiffin, Ohio",1
The City of Big Shoulders,4
Trying to go everywhere!,1
"ÜT: 29.717516,-95.505488",1
970 Colorado,2
In the kitchen,1
UK / Canada / etc,1
"PA, NY & HI",5
NEW YORK CITY,1
Capitol Hill D.C. ,1
"Webster Groves, MO",1
"Santa Maria, Califoria",1
"Tyler, Texas",1
"Brookings, SD",1
"Maidstone, UK",1
"Long Island, New York ",1
NEONgarden,1
"Pilot Point, Republic of Texas",1
Everett,1
"Chelmsford, MA",1
"Pueblo, CO",1
"Columbus, OH, USA",1
"Milwaukee County, Wisconsin",1
"Nigeria,lagos",1