Text,Size,Color,Angle,Font,Repeat,URL
Southwestair,467,Random,Random,Random,Yes,
Jetblue,464,Random,Random,Random,Yes,
Unite,377,Random,Random,Random,Yes,
Ðÿ,293,Random,Random,Random,Yes,
Americanair,251,Random,Random,Random,Yes,
Usairway,202,Random,Random,Random,Yes,
Great,182,Random,Random,Random,Yes,
Love,139,Random,Random,Random,Yes,
Virginamerica,129,Random,Random,Random,Yes,
Service,126,Random,Random,Random,Yes,
Fly,119,Random,Random,Random,Yes,
Help,115,Random,Random,Random,Yes,
Guy,102,Random,Random,Random,Yes,
Time,94,Random,Random,Random,Yes,
Best,94,Random,Random,Random,Yes,
Customer,89,Random,Random,Random,Yes,
Good,88,Random,Random,Random,Yes,
Awesome,87,Random,Random,Random,Yes,
Amp,82,Random,Random,Random,Yes,
Much,81,Random,Random,Random,Yes,
Airline,79,Random,Random,Random,Yes,
Make,78,Random,Random,Random,Yes,
Out,76,Random,Random,Random,Yes,
Crew,75,Random,Random,Random,Yes,
Amazed,71,Random,Random,Random,Yes,
Up,70,Random,Random,Random,Yes,
Now,69,Random,Random,Random,Yes,
Today,68,Random,Random,Random,Yes,
Work,61,Random,Random,Random,Yes,
Back,56,Random,Random,Random,Yes,
Appreciate,56,Random,Random,Random,Yes,
Gate,55,Random,Random,Random,Yes,
New,54,Random,Random,Random,Yes,
Know,53,Random,Random,Random,Yes,
Plane,53,Random,Random,Random,Yes,
Day,53,Random,Random,Random,Yes,
See,52,Random,Random,Random,Yes,
Home,51,Random,Random,Random,Yes,
Please,49,Random,Random,Random,Yes,
One,49,Random,Random,Random,Yes,
Made,49,Random,Random,Random,Yes,
Very,48,Random,Random,Random,Yes,
Look,46,Random,Random,Random,Yes,
Go,45,Random,Random,Random,Yes,
Wait,44,Random,Random,Random,Yes,
Yes,42,Random,Random,Random,Yes,
Take,42,Random,Random,Random,Yes,
Travel,42,Random,Random,Random,Yes,
First,42,Random,Random,Random,Yes,
Way,42,Random,Random,Random,Yes,
Nice,41,Random,Random,Random,Yes,
Agent,40,Random,Random,Random,Yes,
Delay,40,Random,Random,Random,Yes,
Again,39,Random,Random,Random,Yes,
Really,39,Random,Random,Random,Yes,
Follow,39,Random,Random,Random,Yes,
Airport,38,Random,Random,Random,Yes,
Seat,38,Random,Random,Random,Yes,
Well,37,Random,Random,Random,Yes,
Trip,36,Random,Random,Random,Yes,
Rock,36,Random,Random,Random,Yes,
Still,36,Random,Random,Random,Yes,
Experience,35,Random,Random,Random,Yes,
Book,35,Random,Random,Random,Yes,
Response,35,Random,Random,Random,Yes,
Keep,35,Random,Random,Random,Yes,
Attended,35,Random,Random,Random,Yes,
More,34,Random,Random,Random,Yes,
Tonight,34,Random,Random,Random,Yes,
Always,34,Random,Random,Random,Yes,
Staff,34,Random,Random,Random,Yes,
Job,34,Random,Random,Random,Yes,
Board,34,Random,Random,Random,Yes,
Thx,33,Random,Random,Random,Yes,
Even,32,Random,Random,Random,Yes,
Southwest,32,Random,Random,Random,Yes,
Gets,32,Random,Random,Random,Yes,
Bag,31,Random,Random,Random,Yes,
Team,30,Random,Random,Random,Yes,
Ticket,30,Random,Random,Random,Yes,
Happy,30,Random,Random,Random,Yes,
Hope,30,Random,Random,Random,Yes,
Call,30,Random,Random,Random,Yes,
Cancelled,30,Random,Random,Random,Yes,
Year,29,Random,Random,Random,Yes,
Last,29,Random,Random,Random,Yes,
Check,29,Random,Random,Random,Yes,
Aa,29,Random,Random,Random,Yes,
Better,28,Random,Random,Random,Yes,
Weather,28,Random,Random,Random,Yes,
Change,27,Random,Random,Random,Yes,
Jfk,26,Random,Random,Random,Yes,
La,26,Random,Random,Random,Yes,
Here,26,Random,Random,Random,Yes,
Want,25,Random,Random,Random,Yes,
Right,25,Random,Random,Random,Yes,
Next,25,Random,Random,Random,Yes,
Week,25,Random,Random,Random,Yes,
Free,24,Random,Random,Random,Yes,
Âœˆï,24,Random,Random,Random,Yes,
Sure,23,Random,Random,Random,Yes,
Class,23,Random,Random,Random,Yes,
Done,22,Random,Random,Random,Yes,
Worry,22,Random,Random,Random,Yes,
Pilot,22,Random,Random,Random,Yes,
Problem,22,Random,Random,Random,Yes,
Miss,22,Random,Random,Random,Yes,
Final,22,Random,Random,Random,Yes,
Thing,21,Random,Random,Random,Yes,
Quick,21,Random,Random,Random,Yes,
Wonder,21,Random,Random,Random,Yes,
Connect,21,Random,Random,Random,Yes,
Big,21,Random,Random,Random,Yes,
Reply,21,Random,Random,Random,Yes,
Destinationdragons,21,Random,Random,Random,Yes,
Need,20,Random,Random,Random,Yes,
Landed,20,Random,Random,Random,Yes,
Forward,20,Random,Random,Random,Yes,
Over,20,Random,Random,Random,Yes,
Care,20,Random,Random,Random,Yes,
Tweet,20,Random,Random,Random,Yes,
Hour,19,Random,Random,Random,Yes,
Early,19,Random,Random,Random,Yes,
Excited,19,Random,Random,Random,Yes,
Lax,19,Random,Random,Random,Yes,
Morning,19,Random,Random,Random,Yes,
Another,19,Random,Random,Random,Yes,
Air,19,Random,Random,Random,Yes,
Give,19,Random,Random,Random,Yes,
Never,19,Random,Random,Random,Yes,
Use,19,Random,Random,Random,Yes,
Sent,19,Random,Random,Random,Yes,
Phone,19,Random,Random,Random,Yes,
Kudos,19,Random,Random,Random,Yes,
Tomorrow,18,Random,Random,Random,Yes,
Dos,18,Random,Random,Random,Yes,
Late,18,Random,Random,Random,Yes,
Issue,18,Random,Random,Random,Yes,
Flt,18,Random,Random,Random,Yes,
Cool,17,Random,Random,Random,Yes,
Through,17,Random,Random,Random,Yes,
Upgrade,17,Random,Random,Random,Yes,
People,17,Random,Random,Random,Yes,
Twitter,17,Random,Random,Random,Yes,
Sfo,17,Random,Random,Random,Yes,
Ok,17,Random,Random,Random,Yes,
Y'all,17,Random,Random,Random,Yes,
Dm,17,Random,Random,Random,Yes,
Glad,17,Random,Random,Random,Yes,
Long,17,Random,Random,Random,Yes,
Already,16,Random,Random,Random,Yes,
Think,16,Random,Random,Random,Yes,
Down,16,Random,Random,Random,Yes,
Family,16,Random,Random,Random,Yes,
Excellent,16,Random,Random,Random,Yes,
Before,16,Random,Random,Random,Yes,
Night,16,Random,Random,Random,Yes,
Deserve,16,Random,Random,Random,Yes,
Enjoy,16,Random,Random,Random,Yes,
Employee,16,Random,Random,Random,Yes,
Lt,15,Random,Random,Random,Yes,
Deal,15,Random,Random,Random,Yes,
Bos,15,Random,Random,Random,Yes,
Come,15,Random,Random,Random,Yes,
San,15,Random,Random,Random,Yes,
Snow,15,Random,Random,Random,Yes,
Newark,15,Random,Random,Random,Yes,
Luv,15,Random,Random,Random,Yes,
Soon,15,Random,Random,Random,Yes,
Wifi,15,Random,Random,Random,Yes,
Being,15,Random,Random,Random,Yes,
During,15,Random,Random,Random,Yes,
Fix,15,Random,Random,Random,Yes,
Bad,15,Random,Random,Random,Yes,
Safe,15,Random,Random,Random,Yes,
Fantastic,15,Random,Random,Random,Yes,
Haha,15,Random,Random,Random,Yes,
Swa,15,Random,Random,Random,Yes,
Imaginedragons,15,Random,Random,Random,Yes,
St,14,Random,Random,Random,Yes,
Start,14,Random,Random,Random,Yes,
Phl,14,Random,Random,Random,Yes,
Easy,14,Random,Random,Random,Yes,
Show,14,Random,Random,Random,Yes,
Those,14,Random,Random,Random,Yes,
Minute,14,Random,Random,Random,Yes,
Though,14,Random,Random,Random,Yes,
Try,14,Random,Random,Random,Yes,
Ua,14,Random,Random,Random,Yes,
Denver,14,Random,Random,Random,Yes,
Hear,14,Random,Random,Random,Yes,
Many,14,Random,Random,Random,Yes,
Name,14,Random,Random,Random,Yes,
Fleek,14,Random,Random,Random,Yes,
View,13,Random,Random,Random,Yes,
Beauty,13,Random,Random,Random,Yes,
Baggage,13,Random,Random,Random,Yes,
Dfw,13,Random,Random,Random,Yes,
Dca,13,Random,Random,Random,Yes,
Despite,13,Random,Random,Random,Yes,
Huge,13,Random,Random,Random,Yes,
Pass,13,Random,Random,Random,Yes,
Oh,13,Random,Random,Random,Yes,
Send,13,Random,Random,Random,Yes,
Vegas,13,Random,Random,Random,Yes,
Fleet's,13,Random,Random,Random,Yes,
Âœœï,13,Random,Random,Random,Yes,
Away,12,Random,Random,Random,Yes,
Arrive,12,Random,Random,Random,Yes,
Lot,12,Random,Random,Random,Yes,
Super,12,Random,Random,Random,Yes,
Rt,12,Random,Random,Random,Yes,
Left,12,Random,Random,Random,Yes,
Wish,12,Random,Random,Random,Yes,
Update,12,Random,Random,Random,Yes,
Voucher,12,Random,Random,Random,Yes,
Min,12,Random,Random,Random,Yes,
Found,12,Random,Random,Random,Yes,
App,12,Random,Random,Random,Yes,
Den,12,Random,Random,Random,Yes,
Ground,12,Random,Random,Random,Yes,
Earlier,12,Random,Random,Random,Yes,
Far,12,Random,Random,Random,Yes,
Having,12,Random,Random,Random,Yes,
Few,12,Random,Random,Random,Yes,
Head,12,Random,Random,Random,Yes,
Blue,12,Random,Random,Random,Yes,
Ad,11,Random,Random,Random,Yes,
End,11,Random,Random,Random,Yes,
Flew,11,Random,Random,Random,Yes,
Nyc,11,Random,Random,Random,Yes,
Move,11,Random,Random,Random,Yes,
Welcome,11,Random,Random,Random,Yes,
Fun,11,Random,Random,Random,Yes,
Passbook,11,Random,Random,Random,Yes,
Life,11,Random,Random,Random,Yes,
Impress,11,Random,Random,Random,Yes,
Everything,11,Random,Random,Random,Yes,
Kind,11,Random,Random,Random,Yes,
Handle,11,Random,Random,Random,Yes,
Everyone,11,Random,Random,Random,Yes,
Friend,11,Random,Random,Random,Yes,
Lady,10,Random,Random,Random,Yes,
Outstanding,10,Random,Random,Random,Yes,
Month,10,Random,Random,Random,Yes,
Oscars,10,Random,Random,Random,Yes,
Boston,10,Random,Random,Random,Yes,
Sweet,10,Random,Random,Random,Yes,
Route,10,Random,Random,Random,Yes,
Safety,10,Random,Random,Random,Yes,
Dallas,10,Random,Random,Random,Yes,
Austin,10,Random,Random,Random,Yes,
Gt,10,Random,Random,Random,Yes,
Open,10,Random,Random,Random,Yes,
Share,10,Random,Random,Random,Yes,
Run,10,Random,Random,Random,Yes,
Lost,10,Random,Random,Random,Yes,
Hard,10,Random,Random,Random,Yes,
Favorite,10,Random,Random,Random,Yes,
Talk,10,Random,Random,Random,Yes,
Same,10,Random,Random,Random,Yes,
Person,10,Random,Random,Random,Yes,
Top,10,Random,Random,Random,Yes,
Friendly,10,Random,Random,Random,Yes,
Provide,10,Random,Random,Random,Yes,
Vacation,10,Random,Random,Random,Yes,
Fa,10,Random,Random,Random,Yes,
Sw,10,Random,Random,Random,Yes,
Snack,10,Random,Random,Random,Yes,
Phx,10,Random,Random,Random,Yes,
Clt,10,Random,Random,Random,Yes,
Pretty,9,Random,Random,Random,Yes,
Cross,9,Random,Random,Random,Yes,
Fll,9,Random,Random,Random,Yes,
Beyond,9,Random,Random,Random,Yes,
Reason,9,Random,Random,Random,Yes,
Win,9,Random,Random,Random,Yes,
Ride,9,Random,Random,Random,Yes,
Im,9,Random,Random,Random,Yes,
Customerservice,9,Random,Random,Random,Yes,
Watch,9,Random,Random,Random,Yes,
World,9,Random,Random,Random,Yes,
High,9,Random,Random,Random,Yes,
Put,9,Random,Random,Random,Yes,
Drink,9,Random,Random,Random,Yes,
Little,9,Random,Random,Random,Yes,
Video,9,Random,Random,Random,Yes,
Hi,9,Random,Random,Random,Yes,
Let's,9,Random,Random,Random,Yes,
Gave,9,Random,Random,Random,Yes,
Wow,9,Random,Random,Random,Yes,
's,9,Random,Random,Random,Yes,
Tell,9,Random,Random,Random,Yes,
Touch,9,Random,Random,Random,Yes,
Confirmed,9,Random,Random,Random,Yes,
Number,9,Random,Random,Random,Yes,
Mile,9,Random,Random,Random,Yes,
Chicago,9,Random,Random,Random,Yes,
Fan,9,Random,Random,Random,Yes,
Two,9,Random,Random,Random,Yes,
Flightlation,9,Random,Random,Random,Yes,
Lol,9,Random,Random,Random,Yes,
Social,9,Random,Random,Random,Yes,
Ord,9,Random,Random,Random,Yes,
Raise,9,Random,Random,Random,Yes,
Re,9,Random,Random,Random,Yes,
Kid,9,Random,Random,Random,Yes,
Frustrated,9,Random,Random,Random,Yes,
Offer,9,Random,Random,Random,Yes,
Passenger,9,Random,Random,Random,Yes,
Live,9,Random,Random,Random,Yes,
Shout,9,Random,Random,Random,Yes,
Flightled,9,Random,Random,Random,Yes,
Apology,9,Random,Random,Random,Yes,
Thru,9,Random,Random,Random,Yes,
Info,9,Random,Random,Random,Yes,
Busy,9,Random,Random,Random,Yes,
Warm,9,Random,Random,Random,Yes,
Flyfi,9,Random,Random,Random,Yes,
Such,8,Random,Random,Random,Yes,
Mco,8,Random,Random,Random,Yes,
Rep,8,Random,Random,Random,Yes,
Dc,8,Random,Random,Random,Yes,
Hold,8,Random,Random,Random,Yes,
Support,8,Random,Random,Random,Yes,
Hot,8,Random,Random,Random,Yes,
Smooth,8,Random,Random,Random,Yes,
Direct,8,Random,Random,Random,Yes,
Incredible,8,Random,Random,Random,Yes,
Thankyou,8,Random,Random,Random,Yes,
Perfect,8,Random,Random,Random,Yes,
Folk,8,Random,Random,Random,Yes,
Jet,8,Random,Random,Random,Yes,
Stop,8,Random,Random,Random,Yes,
Definitely,8,Random,Random,Random,Yes,
Find,8,Random,Random,Random,Yes,
Above,8,Random,Random,Random,Yes,
Taken,8,Random,Random,Random,Yes,
Media,8,Random,Random,Random,Yes,
Total,8,Random,Random,Random,Yes,
Hopefully,8,Random,Random,Random,Yes,
Ago,8,Random,Random,Random,Yes,
Btw,8,Random,Random,Random,Yes,
Sorry,8,Random,Random,Random,Yes,
Both,8,Random,Random,Random,Yes,
Okay,8,Random,Random,Random,Yes,
Actually,8,Random,Random,Random,Yes,
Bring,8,Random,Random,Random,Yes,
Professional,8,Random,Random,Random,Yes,
Rebook,8,Random,Random,Random,Yes,
Date,8,Random,Random,Random,Yes,
Feel,8,Random,Random,Random,Yes,
American,8,Random,Random,Random,Yes,
Fortunemagazine,8,Random,Random,Random,Yes,
Mint,8,Random,Random,Random,Yes,
Skis,7,Random,Random,Random,Yes,
Via,7,Random,Random,Random,Yes,
Congrats,7,Random,Random,Random,Yes,
Once,7,Random,Random,Random,Yes,
Reserved,7,Random,Random,Random,Yes,
Comfort,7,Random,Random,Random,Yes,
Reschedule,7,Random,Random,Random,Yes,
Something,7,Random,Random,Random,Yes,
Sound,7,Random,Random,Random,Yes,
Plan,7,Random,Random,Random,Yes,
Understand,7,Random,Random,Random,Yes,
Went,7,Random,Random,Random,Yes,
Aus,7,Random,Random,Random,Yes,
Course,7,Random,Random,Random,Yes,
Set,7,Random,Random,Random,Yes,
Email,7,Random,Random,Random,Yes,
Future,7,Random,Random,Random,Yes,
Birthday,7,Random,Random,Random,Yes,
Point,7,Random,Random,Random,Yes,
Pm,7,Random,Random,Random,Yes,
Ewr,7,Random,Random,Random,Yes,
Informed,7,Random,Random,Random,Yes,
Ready,7,Random,Random,Random,Yes,
Pick,7,Random,Random,Random,Yes,
Deliver,7,Random,Random,Random,Yes,
Atl,7,Random,Random,Random,Yes,
Terri,7,Random,Random,Random,Yes,
Fast,7,Random,Random,Random,Yes,
Exceptional,7,Random,Random,Random,Yes,
Treat,7,Random,Random,Random,Yes,
Fine,7,Random,Random,Random,Yes,
Someone,7,Random,Random,Random,Yes,
Leave,7,Random,Random,Random,Yes,
Lounge,7,Random,Random,Random,Yes,
Smile,7,Random,Random,Random,Yes,
Hey,7,Random,Random,Random,Yes,
Cheer,7,Random,Random,Random,Yes,
Goes,7,Random,Random,Random,Yes,
Tried,7,Random,Random,Random,Yes,
Prompt,7,Random,Random,Random,Yes,
Reflight,7,Random,Random,Random,Yes,
Onboard,7,Random,Random,Random,Yes,
Price,7,Random,Random,Random,Yes,
Save,7,Random,Random,Random,Yes,
Mind,7,Random,Random,Random,Yes,
Companion,7,Random,Random,Random,Yes,
Orlando,7,Random,Random,Random,Yes,
Airways,7,Random,Random,Random,Yes,
Plus,6,Random,Random,Random,Yes,
Commercial,6,Random,Random,Random,Yes,
Member,6,Random,Random,Random,Yes,
Inflight,6,Random,Random,Random,Yes,
Cold,6,Random,Random,Random,Yes,
Flown,6,Random,Random,Random,Yes,
Represent,6,Random,Random,Random,Yes,
Secure,6,Random,Random,Random,Yes,
Absolute,6,Random,Random,Random,Yes,
Sit,6,Random,Random,Random,Yes,
Site,6,Random,Random,Random,Yes,
Ic,6,Random,Random,Random,Yes,
Return,6,Random,Random,Random,Yes,
Yr,6,Random,Random,Random,Yes,
Credit,6,Random,Random,Random,Yes,
Yesterday,6,Random,Random,Random,Yes,
Ðÿž,6,Random,Random,Random,Yes,
Man,6,Random,Random,Random,Yes,
Part,6,Random,Random,Random,Yes,
Loyal,6,Random,Random,Random,Yes,
Philly,6,Random,Random,Random,Yes,
Fill,6,Random,Random,Random,Yes,
Schedule,6,Random,Random,Random,Yes,
Second,6,Random,Random,Random,Yes,
Effort,6,Random,Random,Random,Yes,
Responding,6,Random,Random,Random,Yes,
Assist,6,Random,Random,Random,Yes,
Claim,6,Random,Random,Random,Yes,
Resolved,6,Random,Random,Random,Yes,
Add,6,Random,Random,Random,Yes,
Daughter,6,Random,Random,Random,Yes,
Happen,6,Random,Random,Random,Yes,
Enough,6,Random,Random,Random,Yes,
Pvd,6,Random,Random,Random,Yes,
Fault,6,Random,Random,Random,Yes,
Catch,6,Random,Random,Random,Yes,
Imagine,6,Random,Random,Random,Yes,
Departure,6,Random,Random,Random,Yes,
Anything,6,Random,Random,Random,Yes,
Listening,6,Random,Random,Random,Yes,
Terminal,6,Random,Random,Random,Yes,
Cabin,6,Random,Random,Random,Yes,
Pleasant,6,Random,Random,Random,Yes,
Note,6,Random,Random,Random,Yes,
Situation,6,Random,Random,Random,Yes,
Seen,6,Random,Random,Random,Yes,
Nashville,6,Random,Random,Random,Yes,
Desk,6,Random,Random,Random,Yes,
Company,6,Random,Random,Random,Yes,
Bwi,6,Random,Random,Random,Yes,
Aww,6,Random,Random,Random,Yes,
Saturday,6,Random,Random,Random,Yes,
Eventually,6,Random,Random,Random,Yes,
Jb,6,Random,Random,Random,Yes,
Jetblue',6,Random,Random,Random,Yes,
Speak,6,Random,Random,Random,Yes,
Fabulous,5,Random,Random,Random,Yes,
Heard,5,Random,Random,Random,Yes,
Virgin,5,Random,Random,Random,Yes,
ºï,5,Random,Random,Random,Yes,
Around,5,Random,Random,Random,Yes,
Hand,5,Random,Random,Random,Yes,
Sign,5,Random,Random,Random,Yes,
Beat,5,Random,Random,Random,Yes,
Award,5,Random,Random,Random,Yes,
Yall,5,Random,Random,Random,Yes,
City,5,Random,Random,Random,Yes,
Delight,5,Random,Random,Random,Yes,
Complete,5,Random,Random,Random,Yes,
Together,5,Random,Random,Random,Yes,
Status,5,Random,Random,Random,Yes,
Dance,5,Random,Random,Random,Yes,
Ny,5,Random,Random,Random,Yes,
Base,5,Random,Random,Random,Yes,
Iâ,5,Random,Random,Random,Yes,
Sort,5,Random,Random,Random,Yes,
Coffee,5,Random,Random,Random,Yes,
Mean,5,Random,Random,Random,Yes,
Ur,5,Random,Random,Random,Yes,
Friday,5,Random,Random,Random,Yes,
Charge,5,Random,Random,Random,Yes,
Tea,5,Random,Random,Random,Yes,
Destination,5,Random,Random,Random,Yes,
Each,5,Random,Random,Random,Yes,
Ll,5,Random,Random,Random,Yes,
Ask,5,Random,Random,Random,Yes,
Fare,5,Random,Random,Random,Yes,
Luck,5,Random,Random,Random,Yes,
Bird,5,Random,Random,Random,Yes,
Ahead,5,Random,Random,Random,Yes,
Avail,5,Random,Random,Random,Yes,
Access,5,Random,Random,Random,Yes,
Captain,5,Random,Random,Random,Yes,
Houston,5,Random,Random,Random,Yes,
Remind,5,Random,Random,Random,Yes,
International,5,Random,Random,Random,Yes,
Exactly,5,Random,Random,Random,Yes,
Extra,5,Random,Random,Random,Yes,
Answer,5,Random,Random,Random,Yes,
Dulles,5,Random,Random,Random,Yes,
Pleasure,5,Random,Random,Random,Yes,
Weekend,5,Random,Random,Random,Yes,
Iad,5,Random,Random,Random,Yes,
Details,5,Random,Random,Random,Yes,
Fingers,5,Random,Random,Random,Yes,
Seem,5,Random,Random,Random,Yes,
Anyway,5,Random,Random,Random,Yes,
Party,5,Random,Random,Random,Yes,
Usual,5,Random,Random,Random,Yes,
Food,5,Random,Random,Random,Yes,
Option,5,Random,Random,Random,Yes,
Center,5,Random,Random,Random,Yes,
Received,5,Random,Random,Random,Yes,
Maybe,5,Random,Random,Random,Yes,
Word,5,Random,Random,Random,Yes,
Charlotte,5,Random,Random,Random,Yes,
Hr,5,Random,Random,Random,Yes,
True,5,Random,Random,Random,Yes,
Report,5,Random,Random,Random,Yes,
Star,5,Random,Random,Random,Yes,
Club,5,Random,Random,Random,Yes,
Mad,5,Random,Random,Random,Yes,
Wife,5,Random,Random,Random,Yes,
Mdw,5,Random,Random,Random,Yes,
Mine,5,Random,Random,Random,Yes,
Atlanta,5,Random,Random,Random,Yes,
Dragons,5,Random,Random,Random,Yes,
Lets,5,Random,Random,Random,Yes,
Œðÿ,5,Random,Random,Random,Yes,
Chance,5,Random,Random,Random,Yes,
Seattle,5,Random,Random,Random,Yes,
God,5,Random,Random,Random,Yes,
Reach,5,Random,Random,Random,Yes,
Beach,5,Random,Random,Random,Yes,
Power,5,Random,Random,Random,Yes,
Question,5,Random,Random,Random,Yes,
Bluemanity,5,Random,Random,Random,Yes,
Usair,5,Random,Random,Random,Yes,
Photo,5,Random,Random,Random,Yes,
Country,4,Random,Random,Random,Yes,
Nothing,4,Random,Random,Random,Yes,
Lo,4,Random,Random,Random,Yes,
Angel,4,Random,Random,Random,Yes,
Stat,4,Random,Random,Random,Yes,
Correct,4,Random,Random,Random,Yes,
Ve,4,Random,Random,Random,Yes,
Met,4,Random,Random,Random,Yes,
Gold,4,Random,Random,Random,Yes,
Faster,4,Random,Random,Random,Yes,
Picture,4,Random,Random,Random,Yes,
Wing,4,Random,Random,Random,Yes,
Texas,4,Random,Random,Random,Yes,
Seriously,4,Random,Random,Random,Yes,
Pdx,4,Random,Random,Random,Yes,
Improve,4,Random,Random,Random,Yes,
Fav,4,Random,Random,Random,Yes,
Pls,4,Random,Random,Random,Yes,
Celebrate,4,Random,Random,Random,Yes,
Bday,4,Random,Random,Random,Yes,
Stewardess,4,Random,Random,Random,Yes,
Website,4,Random,Random,Random,Yes,
Omg,4,Random,Random,Random,Yes,
Dal,4,Random,Random,Random,Yes,
Ƒðÿ,4,Random,Random,Random,Yes,
Dad,4,Random,Random,Random,Yes,
Whole,4,Random,Random,Random,Yes,
Removal,4,Random,Random,Random,Yes,
Method,4,Random,Random,Random,Yes,
Cessna's,4,Random,Random,Random,Yes,
Become,4,Random,Random,Random,Yes,
Extremely,4,Random,Random,Random,Yes,
Unitedairlines,4,Random,Random,Random,Yes,
Remember,4,Random,Random,Random,Yes,
Pay,4,Random,Random,Random,Yes,
Cancun,4,Random,Random,Random,Yes,
Small,4,Random,Random,Random,Yes,
Continue,4,Random,Random,Random,Yes,
Karen,4,Random,Random,Random,Yes,
Office,4,Random,Random,Random,Yes,
Took,4,Random,Random,Random,Yes,
System,4,Random,Random,Random,Yes,
Pair,4,Random,Random,Random,Yes,
Integrate,4,Random,Random,Random,Yes,
Tampa,4,Random,Random,Random,Yes,
Delta,4,Random,Random,Random,Yes,
Example,4,Random,Random,Random,Yes,
Sincerely,4,Random,Random,Random,Yes,
Attention,4,Random,Random,Random,Yes,
Due,4,Random,Random,Random,Yes,
Couple,4,Random,Random,Random,Yes,
Row,4,Random,Random,Random,Yes,
Global,4,Random,Random,Random,Yes,
Proud,4,Random,Random,Random,Yes,
Refund,4,Random,Random,Random,Yes,
Complaint,4,Random,Random,Random,Yes,
Relate,4,Random,Random,Random,Yes,
Promise,4,Random,Random,Random,Yes,
Form,4,Random,Random,Random,Yes,
April,4,Random,Random,Random,Yes,
Five,4,Random,Random,Random,Yes,
Told,4,Random,Random,Random,Yes,
Link,4,Random,Random,Random,Yes,
Came,4,Random,Random,Random,Yes,
Stay,4,Random,Random,Random,Yes,
Yup,4,Random,Random,Random,Yes,
Instead,4,Random,Random,Random,Yes,
Priority,4,Random,Random,Random,Yes,
Funny,4,Random,Random,Random,Yes,
Hotel,4,Random,Random,Random,Yes,
Boss,4,Random,Random,Random,Yes,
Surprise,4,Random,Random,Random,Yes,
Lga,4,Random,Random,Random,Yes,
Steps,4,Random,Random,Random,Yes,
Bump,4,Random,Random,Random,Yes,
Special,4,Random,Random,Random,Yes,
Hook,4,Random,Random,Random,Yes,
Worker,4,Random,Random,Random,Yes,
Matter,4,Random,Random,Random,Yes,
Storm,4,Random,Random,Random,Yes,
Figure,4,Random,Random,Random,Yes,
Past,4,Random,Random,Random,Yes,
Yay,4,Random,Random,Random,Yes,
Truly,4,Random,Random,Random,Yes,
Line,4,Random,Random,Random,Yes,
Managed,4,Random,Random,Random,Yes,
Tv,4,Random,Random,Random,Yes,
Mom,4,Random,Random,Random,Yes,
Southwestairlines,4,Random,Random,Random,Yes,
Flightr,4,Random,Random,Random,Yes,
Anyone,4,Random,Random,Random,Yes,
Area,4,Random,Random,Random,Yes,
Eyes,4,Random,Random,Random,Yes,
Girl,4,Random,Random,Random,Yes,
Different,4,Random,Random,Random,Yes,
Husband,4,Random,Random,Random,Yes,
Greatservice,4,Random,Random,Random,Yes,
Anniversary,4,Random,Random,Random,Yes,
Although,4,Random,Random,Random,Yes,
Accept,4,Random,Random,Random,Yes,
Condition,4,Random,Random,Random,Yes,
Visit,4,Random,Random,Random,Yes,
Read,4,Random,Random,Random,Yes,
Opportunity,4,Random,Random,Random,Yes,
Bestairline,4,Random,Random,Random,Yes,
Fee,4,Random,Random,Random,Yes,
Choice,4,Random,Random,Random,Yes,
Velourlive,4,Random,Random,Random,Yes,
Real,4,Random,Random,Random,Yes,
Notch,4,Random,Random,Random,Yes,
Disappoint,4,Random,Random,Random,Yes,
Saw,4,Random,Random,Random,Yes,
Ya'll,4,Random,Random,Random,Yes,
Nc,4,Random,Random,Random,Yes,
Side,4,Random,Random,Random,Yes,
Ha,4,Random,Random,Random,Yes,
Brought,4,Random,Random,Random,Yes,
Sju,4,Random,Random,Random,Yes,
Jvmchat,4,Random,Random,Random,Yes,
Dfwairport,4,Random,Random,Random,Yes,
Vx,3,Random,Random,Random,Yes,
Haven't,3,Random,Random,Random,Yes,
Stress,3,Random,Random,Random,Yes,
America,3,Random,Random,Random,Yes,
Three,3,Random,Random,Random,Yes,
Interested,3,Random,Random,Random,Yes,
Sf,3,Random,Random,Random,Yes,
Getaway,3,Random,Random,Random,Yes,
Front,3,Random,Random,Random,Yes,
Francisco,3,Random,Random,Random,Yes,
Nonstop,3,Random,Random,Random,Yes,
Depart,3,Random,Random,Random,Yes,
Redcarpet,3,Random,Random,Random,Yes,
Americanairlines,3,Random,Random,Random,Yes,
Song,3,Random,Random,Random,Yes,
Apparently,3,Random,Random,Random,Yes,
Field,3,Random,Random,Random,Yes,
Under,3,Random,Random,Random,Yes,
Crisis,3,Random,Random,Random,Yes,
Killed,3,Random,Random,Random,Yes,
Asap,3,Random,Random,Random,Yes,
Music,3,Random,Random,Random,Yes,
Painless,3,Random,Random,Random,Yes,
Entire,3,Random,Random,Random,Yes,
Full,3,Random,Random,Random,Yes,
Spend,3,Random,Random,Random,Yes,
Comp,3,Random,Random,Random,Yes,
Easily,3,Random,Random,Random,Yes,
Recommend,3,Random,Random,Random,Yes,
Tix,3,Random,Random,Random,Yes,
Moment,3,Random,Random,Random,Yes,
Black,3,Random,Random,Random,Yes,
Lhr,3,Random,Random,Random,Yes,
Strong,3,Random,Random,Random,Yes,
Until,3,Random,Random,Random,Yes,
Short,3,Random,Random,Random,Yes,
Drive,3,Random,Random,Random,Yes,
Common,3,Random,Random,Random,Yes,
Guess,3,Random,Random,Random,Yes,
Longer,3,Random,Random,Random,Yes,
Wc,3,Random,Random,Random,Yes,
Record,3,Random,Random,Random,Yes,
California,3,Random,Random,Random,Yes,
Old,3,Random,Random,Random,Yes,
Intl,3,Random,Random,Random,Yes,
Iah,3,Random,Random,Random,Yes,
Jp,3,Random,Random,Random,Yes,
Eyâ,3,Random,Random,Random,Yes,
Laugh,3,Random,Random,Random,Yes,
Room,3,Random,Random,Random,Yes,
Quickly,3,Random,Random,Random,Yes,
Group,3,Random,Random,Random,Yes,
Assigned,3,Random,Random,Random,Yes,
Counter,3,Random,Random,Random,Yes,
Rdu,3,Random,Random,Random,Yes,
Tho,3,Random,Random,Random,Yes,
Beer,3,Random,Random,Random,Yes,
Suck,3,Random,Random,Random,Yes,
Ty,3,Random,Random,Random,Yes,
Breakfast,3,Random,Random,Random,Yes,
Serv,3,Random,Random,Random,Yes,
Frontrunner,3,Random,Random,Random,Yes,
Happycustomer,3,Random,Random,Random,Yes,
Tail,3,Random,Random,Random,Yes,
Present,3,Random,Random,Random,Yes,
Trust,3,Random,Random,Random,Yes,
Coat,3,Random,Random,Random,Yes,
Boise,3,Random,Random,Random,Yes,
Angry,3,Random,Random,Random,Yes,
Dm'd,3,Random,Random,Random,Yes,
Anthony,3,Random,Random,Random,Yes,
Miami,3,Random,Random,Random,Yes,
Mess,3,Random,Random,Random,Yes,
Diego,3,Random,Random,Random,Yes,
Space,3,Random,Random,Random,Yes,
Story,3,Random,Random,Random,Yes,
Mistake,3,Random,Random,Random,Yes,
Sea,3,Random,Random,Random,Yes,
Computer,3,Random,Random,Random,Yes,
Tpa,3,Random,Random,Random,Yes,
Bit,3,Random,Random,Random,Yes,
Held,3,Random,Random,Random,Yes,
Kept,3,Random,Random,Random,Yes,
Forever,3,Random,Random,Random,Yes,
Switching,3,Random,Random,Random,Yes,
Several,3,Random,Random,Random,Yes,
Type,3,Random,Random,Random,Yes,
Mark,3,Random,Random,Random,Yes,
Turned,3,Random,Random,Random,Yes,
Positive,3,Random,Random,Random,Yes,
Perhaps,3,Random,Random,Random,Yes,
Ton,3,Random,Random,Random,Yes,
Aw,3,Random,Random,Random,Yes,
Slc,3,Random,Random,Random,Yes,
Firstclass,3,Random,Random,Random,Yes,
Place,3,Random,Random,Random,Yes,
Courteous,3,Random,Random,Random,Yes,
Especially,3,Random,Random,Random,Yes,
Pro,3,Random,Random,Random,Yes,
Problemss,3,Random,Random,Random,Yes,
Stick,3,Random,Random,Random,Yes,
Puerto,3,Random,Random,Random,Yes,
Message,3,Random,Random,Random,Yes,
Quality,3,Random,Random,Random,Yes,
File,3,Random,Random,Random,Yes,
Cheap,3,Random,Random,Random,Yes,
Mission,3,Random,Random,Random,Yes,
Accomplished,3,Random,Random,Random,Yes,
Official,3,Random,Random,Random,Yes,
John,3,Random,Random,Random,Yes,
Winter,3,Random,Random,Random,Yes,
Avgeek,3,Random,Random,Random,Yes,
Nicest,3,Random,Random,Random,Yes,
None,3,Random,Random,Random,Yes,
Respect,3,Random,Random,Random,Yes,
Item,3,Random,Random,Random,Yes,
Hassle,3,Random,Random,Random,Yes,
Weâ,3,Random,Random,Random,Yes,
Ft,3,Random,Random,Random,Yes,
Speedy,3,Random,Random,Random,Yes,
Nature,3,Random,Random,Random,Yes,
Buy,3,Random,Random,Random,Yes,
Gogo,3,Random,Random,Random,Yes,
Terrible,3,Random,Random,Random,Yes,
Difficult,3,Random,Random,Random,Yes,
Fl,3,Random,Random,Random,Yes,
Sweetheart,3,Random,Random,Random,Yes,
Post,3,Random,Random,Random,Yes,
Stream,3,Random,Random,Random,Yes,
Cup,3,Random,Random,Random,Yes,
Dia,3,Random,Random,Random,Yes,
Abq,3,Random,Random,Random,Yes,
Ipad,3,Random,Random,Random,Yes,
Unbelievable,3,Random,Random,Random,Yes,
Shot,3,Random,Random,Random,Yes,
Dtw,3,Random,Random,Random,Yes,
History,3,Random,Random,Random,Yes,
Bc,3,Random,Random,Random,Yes,
Entertain,3,Random,Random,Random,Yes,
Success,3,Random,Random,Random,Yes,
Runway,3,Random,Random,Random,Yes,
Airplane,3,Random,Random,Random,Yes,
Everyone's,3,Random,Random,Random,Yes,
Degree,3,Random,Random,Random,Yes,
Web,3,Random,Random,Random,Yes,
Hero,3,Random,Random,Random,Yes,
Retrieve,3,Random,Random,Random,Yes,
Cellphone,3,Random,Random,Random,Yes,
Son,3,Random,Random,Random,Yes,
Bna,3,Random,Random,Random,Yes,
Dream,3,Random,Random,Random,Yes,
Hilarious,3,Random,Random,Random,Yes,
Shannon,3,Random,Random,Random,Yes,
Miracle,3,Random,Random,Random,Yes,
Complain,3,Random,Random,Random,Yes,
Wrong,3,Random,Random,Random,Yes,
Grand,3,Random,Random,Random,Yes,
Inspired,3,Random,Random,Random,Yes,
Brand,3,Random,Random,Random,Yes,
Idea,3,Random,Random,Random,Yes,
Easier,3,Random,Random,Random,Yes,
Resolution,3,Random,Random,Random,Yes,
Mother,3,Random,Random,Random,Yes,
Legroom,3,Random,Random,Random,Yes,
Straight,3,Random,Random,Random,Yes,
Market,3,Random,Random,Random,Yes,
Iphone,3,Random,Random,Random,Yes,
Aviation,3,Random,Random,Random,Yes,
Value,3,Random,Random,Random,Yes,
Nuts,3,Random,Random,Random,Yes,
Emerg,3,Random,Random,Random,Yes,
Ðÿœ,3,Random,Random,Random,Yes,
Thankfully,3,Random,Random,Random,Yes,
We've,3,Random,Random,Random,Yes,
Jetbluesofly,3,Random,Random,Random,Yes,
Sleep,3,Random,Random,Random,Yes,
Account,3,Random,Random,Random,Yes,
Color,3,Random,Random,Random,Yes,
Airbus,3,Random,Random,Random,Yes,
Trueblue,3,Random,Random,Random,Yes,
Believe,3,Random,Random,Random,Yes,
Fyi,3,Random,Random,Random,Yes,
Whenever,3,Random,Random,Random,Yes,
Sunday,3,Random,Random,Random,Yes,
Cali,3,Random,Random,Random,Yes,
Brandmance,3,Random,Random,Random,Yes,
Selfie,3,Random,Random,Random,Yes,
Complimentary,3,Random,Random,Random,Yes,
Jetbluerocks,3,Random,Random,Random,Yes,
Buffalo,3,Random,Random,Random,Yes,
Brandloveaffair,3,Random,Random,Random,Yes,
Ch,3,Random,Random,Random,Yes,
Admiral,3,Random,Random,Random,Yes,
Weds,3,Random,Random,Random,Yes,
Jetbae,3,Random,Random,Random,Yes,
Lovejetblue,3,Random,Random,Random,Yes,
Frequent,3,Random,Random,Random,Yes,
Holder,3,Random,Random,Random,Yes,
Laptop,3,Random,Random,Random,Yes,
Greatest,3,Random,Random,Random,Yes,
Shoutout,3,Random,Random,Random,Yes,
Crewmembers,3,Random,Random,Random,Yes,
Accommodate,3,Random,Random,Random,Yes,
Style,3,Random,Random,Random,Yes,
Jayvig,3,Random,Random,Random,Yes,
Tough,3,Random,Random,Random,Yes,
Checkin,3,Random,Random,Random,Yes,
Fc,3,Random,Random,Random,Yes,
Origin,3,Random,Random,Random,Yes,
Possible,3,Random,Random,Random,Yes,
Wednesday,3,Random,Random,Random,Yes,
Dawn,3,Random,Random,Random,Yes,
Dean,3,Random,Random,Random,Yes,
Graphic,2,Random,Random,Random,Yes,
Amazingly,2,Random,Random,Random,Yes,
Hawaii,2,Random,Random,Random,Yes,
Fe,2,Random,Random,Random,Yes,
Moodlighting,2,Random,Random,Random,Yes,
Mountains,2,Random,Random,Random,Yes,
Ladygaga,2,Random,Random,Random,Yes,
Carrieunderwood,2,Random,Random,Random,Yes,
Bill,2,Random,Random,Random,Yes,
Cheapflights,2,Random,Random,Random,Yes,
Farecompare,2,Random,Random,Random,Yes,
Horrible,2,Random,Random,Random,Yes,
Kick,2,Random,Random,Random,Yes,
Beautifully,2,Random,Random,Random,Yes,
Design,2,Random,Random,Random,Yes,
Cake,2,Random,Random,Random,Yes,
Princesshalf,2,Random,Random,Random,Yes,
Refreshed,2,Random,Random,Random,Yes,
Match,2,Random,Random,Random,Yes,
Elevate,2,Random,Random,Random,Yes,
School,2,Random,Random,Random,Yes,
Film,2,Random,Random,Random,Yes,
Feet,2,Random,Random,Random,Yes,
Sanfrancisco,2,Random,Random,Random,Yes,
Luxuries,2,Random,Random,Random,Yes,
Probably,2,Random,Random,Random,Yes,
Rockstar,2,Random,Random,Random,Yes,
Promoting,2,Random,Random,Random,Yes,
Product,2,Random,Random,Random,Yes,
Greeting,2,Random,Random,Random,Yes,
Unexpected,2,Random,Random,Random,Yes,
Gesture,2,Random,Random,Random,Yes,
Fat,2,Random,Random,Random,Yes,
Yummy,2,Random,Random,Random,Yes,
Thought,2,Random,Random,Random,Yes,
Window,2,Random,Random,Random,Yes,
Rough,2,Random,Random,Random,Yes,
Pa,2,Random,Random,Random,Yes,
Cut,2,Random,Random,Random,Yes,
Industry,2,Random,Random,Random,Yes,
Dan,2,Random,Random,Random,Yes,
Coach,2,Random,Random,Random,Yes,
Track,2,Random,Random,Random,Yes,
Private,2,Random,Random,Random,Yes,
Uk,2,Random,Random,Random,Yes,
Round,2,Random,Random,Random,Yes,
Operating,2,Random,Random,Random,Yes,
Somehow,2,Random,Random,Random,Yes,
List,2,Random,Random,Random,Yes,
Œâ,2,Random,Random,Random,Yes,
Spoke,2,Random,Random,Random,Yes,
Mileage,2,Random,Random,Random,Yes,
Fit,2,Random,Random,Random,Yes,
Ms,2,Random,Random,Random,Yes,
Winston,2,Random,Random,Random,Yes,
Article,2,Random,Random,Random,Yes,
Basic,2,Random,Random,Random,Yes,
Program,2,Random,Random,Random,Yes,
Medal,2,Random,Random,Random,Yes,
Brilliant,2,Random,Random,Random,Yes,
Otherwise,2,Random,Random,Random,Yes,
Averted,2,Random,Random,Random,Yes,
Solved,2,Random,Random,Random,Yes,
Jh,2,Random,Random,Random,Yes,
Cust,2,Random,Random,Random,Yes,
Tsa,2,Random,Random,Random,Yes,
Goodflight,2,Random,Random,Random,Yes,
Friendlysky,2,Random,Random,Random,Yes,
Memory,2,Random,Random,Random,Yes,
Brave,2,Random,Random,Random,Yes,
Exact,2,Random,Random,Random,Yes,
Sometime,2,Random,Random,Random,Yes,
Ashley,2,Random,Random,Random,Yes,
Automatically,2,Random,Random,Random,Yes,
Conf,2,Random,Random,Random,Yes,
Hospitality,2,Random,Random,Random,Yes,
Immediate,2,Random,Random,Random,Yes,
Nj,2,Random,Random,Random,Yes,
Luggage,2,Random,Random,Random,Yes,
Goal,2,Random,Random,Random,Yes,
Âœ,2,Random,Random,Random,Yes,
Relaxing,2,Random,Random,Random,Yes,
Boyfriend,2,Random,Random,Random,Yes,
Hmmm,2,Random,Random,Random,Yes,
Flyerfriendly,2,Random,Random,Random,Yes,
Happier,2,Random,Random,Random,Yes,
Phenomenal,2,Random,Random,Random,Yes,
Sense,2,Random,Random,Random,Yes,
Flightd,2,Random,Random,Random,Yes,
Wi,2,Random,Random,Random,Yes,
Fi,2,Random,Random,Random,Yes,
Worth,2,Random,Random,Random,Yes,
Damn,2,Random,Random,Random,Yes,
Cmh,2,Random,Random,Random,Yes,
Cle,2,Random,Random,Random,Yes,
Xl,2,Random,Random,Random,Yes,
Satisfied,2,Random,Random,Random,Yes,
Gfc,2,Random,Random,Random,Yes,
Peace,2,Random,Random,Random,Yes,
Woman,2,Random,Random,Random,Yes,
Walked,2,Random,Random,Random,Yes,
Terrific,2,Random,Random,Random,Yes,
Yâ,2,Random,Random,Random,Yes,
Notification,2,Random,Random,Random,Yes,
Recognition,2,Random,Random,Random,Yes,
Submit,2,Random,Random,Random,Yes,
Request,2,Random,Random,Random,Yes,
Msy,2,Random,Random,Random,Yes,
Maintenance,2,Random,Random,Random,Yes,
Battierccipuppy,2,Random,Random,Random,Yes,
Cute,2,Random,Random,Random,Yes,
East,2,Random,Random,Random,Yes,
Bay,2,Random,Random,Random,Yes,
Kpâ,2,Random,Random,Random,Yes,
Contact,2,Random,Random,Random,Yes,
Certificate,2,Random,Random,Random,Yes,
Relief,2,Random,Random,Random,Yes,
Friendliest,2,Random,Random,Random,Yes,
Play,2,Random,Random,Random,Yes,
Chocolate,2,Random,Random,Random,Yes,
Thnx,2,Random,Random,Random,Yes,
Co,1,Random,Random,Random,Yes,
Flight,1,Random,Random,Random,Yes,
Thank,1,Random,Random,Random,Yes,
