"weight";"word";"color";"url"
"2004";"united";"";""
"1925";"flight";"";""
"1755";"USAirways";"";""
"1571";"AmericanAir";"";""
"923";"SouthwestAir";"";""
"775";"get";"";""
"769";"JetBlue";"";""
"742";"Cancelled";"";""
"574";"hours";"";""
"566";"now";"";""
"536";"hold";"";""
"517";"service";"";""
"476";"Flight";"";""
"474";"amp";"";""
"473";"time";"";""
"404";"plane";"";""
"394";"customer";"";""
"392";"help";"";""
"392";"just";"";""
"372";"delayed";"";""
"355";"can";"";""
"352";"Flightled";"";""
"348";"call";"";""
"340";"hour";"";""
"327";"still";"";""
"319";"bag";"";""
"314";"Late";"";""
"304";"gate";"";""
"295";"back";"";""
"295";"flights";"";""
"295";"one";"";""
"277";"waiting";"";""
"263";"will";"";""
"262";"phone";"";""
"257";"minutes";"";""
"240";"need";"";""
"228";"wait";"";""
"224";"delay";"";""
"219";"like";"";""
"214";"hrs";"";""
"211";"trying";"";""
"208";"got";"";""
"199";"bags";"";""
"196";"airline";"";""
"193";"luggage";"";""
"188";"told";"";""
"186";"even";"";""
"186";"fly";"";""
"186";"today";"";""
"184";"going";"";""
"181";"days";"";""
"179";"day";"";""
"177";"change";"";""
"177";"people";"";""
"170";"seat";"";""
"170";"United";"";""
"169";"airport";"";""
"167";"last";"";""
"167";"min";"";""
"163";"lost";"";""
"163";"want";"";""
"162";"Flighted";"";""
"162";"ðŸ";"";""
"161";"home";"";""
"160";"due";"";""
"160";"know";"";""
"158";"agent";"";""
"157";"make";"";""
"154";"another";"";""
"153";"take";"";""
"152";"weather";"";""
"149";"never";"";""
"145";"sitting";"";""
"142";"check";"";""
"140";"VirginAmerica";"";""
"138";"getting";"";""
"138";"guys";"";""
"138";"please";"";""
"138";"way";"";""
"136";"someone";"";""
"134";"really";"";""
"133";"work";"";""
"132";"ever";"";""
"131";"since";"";""
"129";"customers";"";""
"129";"line";"";""
"129";"tomorrow";"";""
"128";"online";"";""
"127";"let";"";""
"127";"thanks";"";""
"127";"ticket";"";""
"126";"baggage";"";""
"126";"times";"";""
"125";"Flightr";"";""
"124";"seats";"";""
"120";"flying";"";""
"120";"worst";"";""
"117";"experience";"";""
"117";"mins";"";""
"114";"two";"";""
"112";"crew";"";""
"110";"email";"";""
"107";"said";"";""
"106";"next";"";""
"106";"Thanks";"";""
"105";"miss";"";""
"104";"first";"";""
"104";"number";"";""
"104";"stuck";"";""
"104";"travel";"";""
"103";"Now";"";""
"103";"right";"";""
"103";"says";"";""
"102";"trip";"";""
"100";"boarding";"";""
"100";"made";"";""
"100";"passengers";"";""
"99";"bad";"";""
"99";"book";"";""
"99";"Please";"";""
"98";"hotel";"";""
"96";"give";"";""
"96";"long";"";""
"95";"already";"";""
"95";"find";"";""
"94";"left";"";""
"94";"see";"";""
"94";"website";"";""
"93";"agents";"";""
"93";"Just";"";""
"93";"nothing";"";""
"93";"pay";"";""
"93";"response";"";""
"92";"good";"";""
"91";"Can";"";""
"91";"new";"";""
"90";"put";"";""
"90";"tried";"";""
"89";"ago";"";""
"89";"miles";"";""
"89";"staff";"";""
"88";"night";"";""
"88";"rude";"";""
"88";"system";"";""
"87";"called";"";""
"87";"rebook";"";""
"87";"sure";"";""
"85";"connection";"";""
"85";"delays";"";""
"84";"JFK";"";""
"84";"yet";"";""
"83";"booked";"";""
"83";"issue";"";""
"83";"issues";"";""
"83";"rebooked";"";""
"83";"refund";"";""
"82";"care";"";""
"82";"use";"";""
"81";"reservation";"";""
"80";"better";"";""
"78";"missed";"";""
"76";"extra";"";""
"76";"think";"";""
"76";"usairways";"";""
"75";"answer";"";""
"75";"info";"";""
"72";"leave";"";""
"72";"morning";"";""
"72";"tell";"";""
"72";"without";"";""
"71";"fail";"";""
"71";"flt";"";""
"71";"Help";"";""
"70";"anything";"";""
"70";"tonight";"";""
"69";"much";"";""
"69";"working";"";""
"68";"anyone";"";""
"68";"keep";"";""
"68";"missing";"";""
"67";"board";"";""
"67";"Problems";"";""
"67";"say";"";""
"66";"Booking";"";""
"66";"fix";"";""
"66";"speak";"";""
"65";"almost";"";""
"65";"disappointed";"";""
"65";"paid";"";""
"65";"supposed";"";""
"64";"credit";"";""
"64";"DFW";"";""
"64";"person";"";""
"64";"Still";"";""
"63";"hung";"";""
"63";"rep";"";""
"62";"1st";"";""
"62";"checked";"";""
"62";"ridiculous";"";""
"62";"stranded";"";""
"62";"well";"";""
"61";"update";"";""
"60";"problem";"";""
"60";"understand";"";""
"59";"voucher";"";""
"59";"yes";"";""
"58";"business";"";""
"58";"done";"";""
"58";"yesterday";"";""
"57";"claim";"";""
"57";"sent";"";""
"57";"week";"";""
"56";"available";"";""
"56";"Delta";"";""
"56";"departure";"";""
"56";"free";"";""
"55";"making";"";""
"55";"terrible";"";""
"55";"wifi";"";""
"54";"jetblue";"";""
"54";"least";"";""
"54";"took";"";""
"53";"every";"";""
"53";"frustrated";"";""
"53";"ground";"";""
"53";"mechanical";"";""
"53";"money";"";""
"52";"calling";"";""
"52";"connecting";"";""
"52";"full";"";""
"52";"half";"";""
"52";"PHL";"";""
"52";"talk";"";""
"52";"tickets";"";""
"51";"airlines";"";""
"51";"different";"";""
"51";"early";"";""
"51";"landed";"";""
"51";"status";"";""
"51";"unacceptable";"";""
"50";"able";"";""
"50";"broken";"";""
"50";"enough";"";""
"50";"great";"";""
"50";"past";"";""
"50";"poor";"";""
"50";"site";"";""
"50";"wrong";"";""
"49";"DCA";"";""
"49";"hope";"";""
"49";"LAX";"";""
"49";"open";"";""
"49";"pilot";"";""
"48";"app";"";""
"48";"come";"";""
"48";"finally";"";""
"48";"many";"";""
"48";"old";"";""
"48";"reason";"";""
"48";"sorry";"";""
"48";"try";"";""
"48";"vacation";"";""
"48";"weeks";"";""
"47";"also";"";""
"47";"gave";"";""
"47";"runway";"";""
"47";"sit";"";""
"47";"upgrade";"";""
"46";"air";"";""
"46";"attendant";"";""
"46";"charge";"";""
"46";"class";"";""
"46";"counting";"";""
"46";"planes";"";""
"46";"worse";"";""
"45";"fee";"";""
"45";"look";"";""
"45";"Need";"";""
"45";"received";"";""
"45";"though";"";""
"45";"via";"";""
"44";"changed";"";""
"44";"contact";"";""
"44";"waited";"";""
"43";"earlier";"";""
"43";"employees";"";""
"43";"instead";"";""
"43";"needs";"";""
"43";"saying";"";""
"42";"best";"";""
"42";"car";"";""
"42";"CLT";"";""
"42";"company";"";""
"42";"horrible";"";""
"42";"minute";"";""
"42";"nice";"";""
"42";"option";"";""
"42";"point";"";""
"42";"send";"";""
"42";"something";"";""
"41";"actually";"";""
"41";"food";"";""
"41";"less";"";""
"41";"message";"";""
"41";"pass";"";""
"41";"stay";"";""
"41";"taking";"";""
"41";"wife";"";""
"40";"Boston";"";""
"40";"maintenance";"";""
"40";"ORD";"";""
"40";"Really";"";""
"40";"team";"";""
"40";"telling";"";""
"40";"twice";"";""
"39";"2nd";"";""
"39";"desk";"";""
"39";"EWR";"";""
"39";"leaving";"";""
"39";"problems";"";""
"39";"reservations";"";""
"39";"scheduled";"";""
"39";"stop";"";""
"38";"account";"";""
"38";"asked";"";""
"38";"family";"";""
"38";"Will";"";""
"38";"year";"";""
"37";"frustrating";"";""
"37";"helpful";"";""
"37";"tarmac";"";""
"36";"believe";"";""
"36";"calls";"";""
"36";"else";"";""
"36";"far";"";""
"36";"happy";"";""
"36";"hard";"";""
"36";"little";"";""
"36";"longer";"";""
"36";"Never";"";""
"36";"spent";"";""
"36";"three";"";""
"35";"always";"";""
"35";"arrive";"";""
"35";"away";"";""
"35";"BOS";"";""
"35";"everyone";"";""
"35";"given";"";""
"35";"love";"";""
"35";"paying";"";""
"35";"reach";"";""
"35";"real";"";""
"35";"row";"";""
"35";"SFO";"";""
"35";"thing";"";""
"35";"Worst";"";""
"34";"destination";"";""
"34";"error";"";""
"34";"found";"";""
"34";"happened";"";""
"34";"HELP";"";""
"34";"link";"";""
"34";"needed";"";""
"34";"sat";"";""
"34";"seriously";"";""
"34";"show";"";""
"34";"tweet";"";""
"33";"around";"";""
"33";"arrived";"";""
"33";"card";"";""
"33";"changes";"";""
"33";"Chicago";"";""
"33";"cust";"";""
"33";"Denver";"";""
"33";"end";"";""
"33";"heard";"";""
"33";"Houston";"";""
"33";"human";"";""
"33";"looking";"";""
"33";"name";"";""
"33";"return";"";""
"33";"thru";"";""
"33";"together";"";""
"32";"boarded";"";""
"32";"coming";"";""
"32";"cost";"";""
"32";"information";"";""
"32";"joke";"";""
"32";"lack";"";""
"32";"loyal";"";""
"32";"options";"";""
"32";"policy";"";""
"32";"suck";"";""
"32";"went";"";""
"32";"years";"";""
"31";"add";"";""
"31";"appreciate";"";""
"31";"automated";"";""
"31";"communication";"";""
"31";"Delayed";"";""
"31";"direct";"";""
"31";"empty";"";""
"31";"fleek";"";""
"31";"might";"";""
"31";"place";"";""
"31";"sucks";"";""
"31";"Thank";"";""
"30";"Charlotte";"";""
"30";"Dallas";"";""
"30";"guess";"";""
"30";"holding";"";""
"30";"job";"";""
"30";"NYC";"";""
"30";"seem";"";""
"30";"things";"";""
"30";"UnitedAirlines";"";""
"30";"using";"";""
"29";"busy";"";""
"29";"disconnected";"";""
"29";"fleet's";"";""
"29";"Flighting";"";""
"29";"IAD";"";""
"29";"lose";"";""
"29";"may";"";""
"29";"Tarmac";"";""
"29";"terminal";"";""
"29";"upset";"";""
"28";"Also";"";""
"28";"drive";"";""
"28";"form";"";""
"28";"idea";"";""
"28";"mean";"";""
"28";"months";"";""
"28";"offer";"";""
"28";"offered";"";""
"28";"passenger";"";""
"28";"process";"";""
"28";"room";"";""
"28";"run";"";""
"28";"standby";"";""
"28";"thank";"";""
"28";"Trying";"";""
"27";"apology";"";""
"27";"charged";"";""
"27";"complaint";"";""
"27";"Customer";"";""
"27";"customerservice";"";""
"27";"fault";"";""
"27";"feel";"";""
"27";"Get";"";""
"27";"guy";"";""
"27";"IAH";"";""
"27";"kids";"";""
"27";"landing";"";""
"27";"member";"";""
"27";"PHX";"";""
"27";"start";"";""
"27";"used";"";""
"26";"answers";"";""
"26";"ask";"";""
"26";"assistance";"";""
"26";"chance";"";""
"26";"handle";"";""
"26";"inconvenience";"";""
"26";"LGA";"";""
"26";"maybe";"";""
"26";"pick";"";""
"26";"provide";"";""
"26";"reschedule";"";""
"26";"sleep";"";""
"26";"traveling";"";""
"25";"1hr";"";""
"25";"attendants";"";""
"25";"big";"";""
"25";"compensation";"";""
"25";"counter";"";""
"25";"deal";"";""
"25";"forced";"";""
"25";"gives";"";""
"25";"hear";"";""
"25";"leg";"";""
"25";"lot";"";""
"25";"means";"";""
"25";"moved";"";""
"25";"points";"";""
"25";"reply";"";""
"25";"respond";"";""
"25";"snow";"";""
"25";"Twitter";"";""
"25";"updates";"";""
"25";"Yes";"";""
"24";"asking";"";""
"24";"awful";"";""
"24";"buy";"";""
"24";"case";"";""
"24";"clothes";"";""
"24";"crazy";"";""
"24";"expect";"";""
"24";"figure";"";""
"24";"fine";"";""
"24";"gets";"";""
"24";"land";"";""
"24";"losing";"";""
"24";"overnight";"";""
"24";"request";"";""
"24";"San";"";""
"24";"soon";"";""
"24";"Unacceptable";"";""
"24";"usairwaysfail";"";""
"24";"water";"";""
"23";"3rd";"";""
"23";"city";"";""
"23";"computer";"";""
"23";"confirmation";"";""
"23";"connections";"";""
"23";"either";"";""
"23";"employee";"";""
"23";"entire";"";""
"23";"Flightlation";"";""
"23";"friend";"";""
"23";"hate";"";""
"23";"Miami";"";""
"23";"Monday";"";""
"23";"plus";"";""
"23";"rather";"";""
"23";"sense";"";""
"23";"switch";"";""
"22";"2hrs";"";""
"22";"Air";"";""
"22";"allow";"";""
"22";"American";"";""
"22";"arrival";"";""
"22";"b/c";"";""
"22";"checking";"";""
"22";"confirmed";"";""
"22";"fees";"";""
"22";"First";"";""
"22";"FLL";"";""
"22";"follow";"";""
"22";"group";"";""
"22";"happen";"";""
"22";"international";"";""
"22";"life";"";""
"22";"pls";"";""
"22";"pretty";"";""
"22";"seems";"";""
"22";"Sunday";"";""
"22";"whole";"";""
"21";"BWI";"";""
"21";"complaints";"";""
"21";"cool";"";""
"21";"fact";"";""
"21";"Flightlations";"";""
"21";"Good";"";""
"21";"hoping";"";""
"21";"layover";"";""
"21";"load";"";""
"21";"looks";"";""
"21";"original";"";""
"21";"ppl";"";""
"21";"rescheduled";"";""
"21";"Seriously";"";""
"21";"shit";"";""
"20";"address";"";""
"20";"aircraft";"";""
"20";"bought";"";""
"20";"cant";"";""
"20";"carry";"";""
"20";"cause";"";""
"20";"checkin";"";""
"20";"complete";"";""
"20";"completely";"";""
"20";"DEN";"";""
"20";"door";"";""
"20";"drop";"";""
"20";"dropped";"";""
"20";"fare";"";""
"20";"Flt";"";""
"20";"gone";"";""
"20";"hang";"";""
"20";"happening";"";""
"20";"happens";"";""
"20";"Hey";"";""
"20";"knew";"";""
"20";"letter";"";""
"20";"makes";"";""
"20";"matter";"";""
"20";"One";"";""
"20";"possible";"";""
"20";"question";"";""
"20";"reFlight";"";""
"20";"reps";"";""
"20";"sad";"";""
"20";"supervisor";"";""
"20";"taken";"";""
"20";"treat";"";""
"19";"AmericanAirlines";"";""
"19";"attitude";"";""
"19";"badservice";"";""
"19";"control";"";""
"19";"delivered";"";""
"19";"Flights";"";""
"19";"front";"";""
"19";"Gate";"";""
"19";"gonna";"";""
"19";"hangs";"";""
"19";"keeps";"";""
"19";"kind";"";""
"19";"luck";"";""
"19";"members";"";""
"19";"overhead";"";""
"19";"Philly";"";""
"19";"phones";"";""
"19";"pilots";"";""
"19";"plan";"";""
"19";"purchase";"";""
"19";"seen";"";""
"19";"sending";"";""
"19";"situation";"";""
"19";"space";"";""
"19";"thx";"";""
"19";"unable";"";""
"19";"Vegas";"";""
"19";"volume";"";""
"18";"absolutely";"";""
"18";"arriving";"";""
"18";"ASAP";"";""
"18";"behind";"";""
"18";"beyond";"";""
"18";"came";"";""
"18";"changing";"";""
"18";"cover";"";""
"18";"flew";"";""
"18";"flown";"";""
"18";"held";"";""
"18";"Iâ";"";""
"18";"letting";"";""
"18";"lines";"";""
"18";"MCO";"";""
"18";"meal";"";""
"18";"middle";"";""
"18";"neveragain";"";""
"18";"price";"";""
"18";"second";"";""
"18";"Southwest";"";""
"18";"storm";"";""
"18";"support";"";""
"18";"svc";"";""
"18";"takeoff";"";""
"18";"top";"";""
"18";"TV";"";""
"18";"vouchers";"";""
"18";"WTF";"";""
"18";"yeah";"";""
"18";"zero";"";""
"17";"acceptable";"";""
"17";"Airlines";"";""
"17";"allowed";"";""
"17";"Another";"";""
"17";"anymore";"";""
"17";"Bad";"";""
"17";"BNA";"";""
"17";"caused";"";""
"17";"correct";"";""
"17";"explanation";"";""
"17";"extremely";"";""
"17";"failed";"";""
"17";"glad";"";""
"17";"helping";"";""
"17";"high";"";""
"17";"jfk";"";""
"17";"knows";"";""
"17";"Last";"";""
"17";"live";"";""
"17";"month";"";""
"17";"move";"";""
"17";"Newark";"";""
"17";"platinum";"";""
"17";"Pls";"";""
"17";"probably";"";""
"17";"resolve";"";""
"17";"schedule";"";""
"17";"several";"";""
"17";"shows";"";""
"17";"sick";"";""
"17";"Terrible";"";""
"17";"thought";"";""
"17";"tix";"";""
"17";"treated";"";""
"17";"Tuesday";"";""
"17";"USAir";"";""
"17";"w/o";"";""
"17";"window";"";""
"17";"WORST";"";""
"17";"worth";"";""
"16";"americanair";"";""
"16";"anywhere";"";""
"16";"bumped";"";""
"16";"choice";"";""
"16";"compensate";"";""
"16";"damn";"";""
"16";"depart";"";""
"16";"equipment";"";""
"16";"four";"";""
"16";"giving";"";""
"16";"hey";"";""
"16";"mess";"";""
"16";"part";"";""
"16";"ready";"";""
"16";"record";"";""
"16";"report";"";""
"16";"southwestair";"";""
"16";"Stuck";"";""
"16";"takes";"";""
"16";"wanted";"";""
"16";"word";"";""
"15";"airports";"";""
"15";"Airways";"";""
"15";"answering";"";""
"15";"award";"";""
"15";"bit";"";""
"15";"catch";"";""
"15";"closed";"";""
"15";"cut";"";""
"15";"delta";"";""
"15";"details";"";""
"15";"dollars";"";""
"15";"entertainment";"";""
"15";"experienced";"";""
"15";"failure";"";""
"15";"Feb";"";""
"15";"flyer";"";""
"15";"fun";"";""
"15";"Maybe";"";""
"15";"meeting";"";""
"15";"mine";"";""
"15";"Missed";"";""
"15";"mobile";"";""
"15";"moving";"";""
"15";"multiple";"";""
"15";"must";"";""
"15";"nightmare";"";""
"15";"non";"";""
"15";"notice";"";""
"15";"notification";"";""
"15";"page";"";""
"15";"per";"";""
"15";"Philadelphia";"";""
"15";"priority";"";""
"15";"RDU";"";""
"15";"round";"";""
"15";"ruined";"";""
"15";"Service";"";""
"15";"services";"";""
"15";"short";"";""
"15";"showing";"";""
"15";"slow";"";""
"15";"spend";"";""
"15";"spoke";"";""
"15";"SWA";"";""
"15";"talked";"";""
"15";"tells";"";""
"15";"tired";"";""
"15";"total";"";""
"15";"trips";"";""
"15";"TSA";"";""
"15";"unhelpful";"";""
"15";"watch";"";""
"15";"yall";"";""
"14";"apparently";"";""
"14";"ATL";"";""
"14";"badcustomerservice";"";""
"14";"bother";"";""
"14";"check-in";"";""
"14";"close";"";""
"14";"Come";"";""
"14";"country";"";""
"14";"course";"";""
"14";"currently";"";""
"14";"dealing";"";""
"14";"drink";"";""
"14";"easy";"";""
"14";"Every";"";""
"14";"everything";"";""
"14";"feedback";"";""
"14";"filed";"";""
"14";"Going";"";""
"14";"Got";"";""
"14";"gotten";"";""
"14";"hanging";"";""
"14";"ice";"";""
"14";"jetway";"";""
"14";"kept";"";""
"14";"kidding";"";""
"14";"LAS";"";""
"14";"learn";"";""
"14";"loaded";"";""
"14";"onto";"";""
"14";"others";"";""
"14";"plans";"";""
"14";"safety";"";""
"14";"screwed";"";""
"14";"select";"";""
"14";"sign";"";""
"14";"standing";"";""
"14";"started";"";""
"14";"stuff";"";""
"14";"submitted";"";""
"14";"suitcase";"";""
"14";"switched";"";""
"14";"Thx";"";""
"14";"Tried";"";""
"14";"useless";"";""
"14";"Waiting";"";""
"14";"wasted";"";""
"13";"absolute";"";""
"13";"access";"";""
"13";"afternoon";"";""
"13";"airplane";"";""
"13";"assist";"";""
"13";"bank";"";""
"13";"broke";"";""
"13";"cabin";"";""
"13";"callback";"";""
"13";"characters";"";""
"13";"charging";"";""
"13";"connect";"";""
"13";"courtesy";"";""
"13";"damaged";"";""
"13";"diff";"";""
"13";"difference";"";""
"13";"dont";"";""
"13";"Everyone";"";""
"13";"excuse";"";""
"13";"explain";"";""
"13";"Finally";"";""
"13";"Flightd";"";""
"13";"Flightling";"";""
"13";"flyers";"";""
"13";"folks";"";""
"13";"forward";"";""
"13";"friends";"";""
"13";"fucking";"";""
"13";"funeral";"";""
"13";"future";"";""
"13";"gates";"";""
"13";"gold";"";""
"13";"hell";"";""
"13";"helped";"";""
"13";"HOURS";"";""
"13";"husband";"";""
"13";"important";"";""
"13";"itinerary";"";""
"13";"media";"";""
"13";"merger";"";""
"13";"NEVER";"";""
"13";"New";"";""
"13";"PHLAirport";"";""
"13";"picked";"";""
"13";"planned";"";""
"13";"previous";"";""
"13";"prices";"";""
"13";"receipt";"";""
"13";"refuse";"";""
"13";"refused";"";""
"13";"ruining";"";""
"13";"sleeping";"";""
"13";"small";"";""
"13";"story";"";""
"13";"tag";"";""
"13";"text";"";""
"13";"transfer";"";""
"13";"trouble";"";""
"13";"updated";"";""
"13";"y'all";"";""
"12";"accommodate";"";""
"12";"alone";"";""
"12";"answered";"";""
"12";"apologies";"";""
"12";"area";"";""
"12";"awesome";"";""
"12";"baby";"";""
"12";"Called";"";""
"12";"captain";"";""
"12";"catering";"";""
"12";"choose";"";""
"12";"code";"";""
"12";"cold";"";""
"12";"companion";"";""
"12";"confirm";"";""
"12";"date";"";""
"12";"despite";"";""
"12";"disgusting";"";""
"12";"dividend";"";""
"12";"errors";"";""
"12";"except";"";""
"12";"expected";"";""
"12";"expensive";"";""
"12";"fit";"";""
"12";"fixed";"";""
"12";"Friday";"";""
"12";"hire";"";""
"12";"Hope";"";""
"12";"incompetent";"";""
"12";"Looks";"";""
"12";"mind";"";""
"12";"mom";"";""
"12";"notified";"";""
"12";"numbers";"";""
"12";"personal";"";""
"12";"Plane";"";""
"12";"post";"";""
"12";"print";"";""
"12";"promised";"";""
"12";"read";"";""
"12";"receive";"";""
"12";"resolved";"";""
"12";"responding";"";""
"12";"Ridiculous";"";""
"12";"running";"";""
"12";"screw";"";""
"12";"seating";"";""
"12";"Sitting";"";""
"12";"Sorry";"";""
"12";"speaking";"";""
"12";"suppose";"";""
"12";"tmrw";"";""
"12";"unhappy";"";""
"12";"waste";"";""
"12";"web";"";""
"12";"Well";"";""
"12";"â€œ@JetBlue";"";""
"11";"3hrs";"";""
"11";"absurd";"";""
"11";"afford";"";""
"11";"Airport";"";""
"11";"Awful";"";""
"11";"birthday";"";""
"11";"blame";"";""
"11";"bring";"";""
"11";"bus";"";""
"11";"center";"";""
"11";"clearly";"";""
"11";"club";"";""
"11";"clue";"";""
"11";"count";"";""
"11";"crappy";"";""
"11";"daughter";"";""
"11";"dca";"";""
"11";"delivery";"";""
"11";"department";"";""
"11";"disappointing";"";""
"11";"disaster";"";""
"11";"engine";"";""
"11";"Fail";"";""
"11";"file";"";""
"11";"fill";"";""
"11";"friendly";"";""
"11";"gear";"";""
"11";"goes";"";""
"11";"incompetence";"";""
"11";"Jet";"";""
"11";"killing";"";""
"11";"mad";"";""
"11";"major";"";""
"11";"mention";"";""
"11";"MIA";"";""
"11";"mileage";"";""
"11";"nope";"";""
"11";"note";"";""
"11";"nothappy";"";""
"11";"office";"";""
"11";"okay";"";""
"11";"patient";"";""
"11";"Phoenix";"";""
"11";"PLEASE";"";""
"11";"possibly";"";""
"11";"properly";"";""
"11";"relations";"";""
"11";"representative";"";""
"11";"rules";"";""
"11";"Seems";"";""
"11";"single";"";""
"11";"southwest";"";""
"11";"Stop";"";""
"11";"talking";"";""
"11";"third";"";""
"11";"totally";"";""
"11";"traveler";"";""
"11";"willing";"";""
"11";"winter";"";""
"11";"within";"";""
"11";"woman";"";""
"11";"works";"";""
"10";"0";"";""
"10";"24hrs";"";""
"10";"airways";"";""
"10";"Almost";"";""
"10";"amazing";"";""
"10";"anyway";"";""
"10";"Apparently";"";""
"10";"attempt";"";""
"10";"Baggage";"";""
"10";"Blue";"";""
"10";"blue";"";""
"10";"break";"";""
"10";"cab";"";""
"10";"cheap";"";""
"10";"child";"";""
"10";"coffee";"";""
"10";"concern";"";""
"10";"corporate";"";""
"10";"dead";"";""
"10";"delaying";"";""
"10";"denied";"";""
"10";"dfw";"";""
"10";"doors";"";""
"10";"double";"";""
"10";"eat";"";""
"10";"emailed";"";""
"10";"emails";"";""
"10";"etc";"";""
"10";"FAIL";"";""
"10";"Flightation";"";""
"10";"frequent";"";""
"10";"frozen";"";""
"10";"funds";"";""
"10";"Great";"";""
"10";"hand";"";""
"10";"handling";"";""
"10";"honest";"";""
"10";"items";"";""
"10";"jet";"";""
"10";"known";"";""
"10";"leaves";"";""
"10";"level";"";""
"10";"lies";"";""
"10";"list";"";""
"10";"literally";"";""
"10";"lounge";"";""
"10";"Makes";"";""
"10";"man";"";""
"10";"msg";"";""
"10";"Nashville";"";""
"10";"Nice";"";""
"10";"nobody";"";""
"10";"none";"";""
"10";"Nope";"";""
"10";"O'Hare";"";""
"10";"onboard";"";""
"10";"order";"";""
"10";"outside";"";""
"10";"overbooked";"";""
"10";"PBI";"";""
"10";"play";"";""
"10";"plz";"";""
"10";"power";"";""
"10";"preferred";"";""
"10";"pull";"";""
"10";"push";"";""
"10";"queue";"";""
"10";"quick";"";""
"10";"remember";"";""
"10";"respect";"";""
"10";"rows";"";""
"10";"Rude";"";""
"10";"security";"";""
"10";"set";"";""
"10";"sold";"";""
"10";"sort";"";""
"10";"super";"";""
"10";"surprise";"";""
"10";"taxi";"";""
"10";"traffic";"";""
"10";"training";"";""
"10";"transferred";"";""
"10";"true";"";""
"10";"tv";"";""
"10";"tweeting";"";""
"10";"unfortunately";"";""
"10";"video";"";""
"10";"wasting";"";""
"10";"Way";"";""
"10";"wet";"";""
"10";"Yeah";"";""
"9";"4th";"";""
"9";"act";"";""
"9";"additional";"";""
"9";"Agent";"";""
"9";"ahead";"";""
"9";"angry";"";""
"9";"appreciated";"";""
"9";"arrives";"";""
"9";"Austin";"";""
"9";"avail";"";""
"9";"aware";"";""
"9";"ball";"";""
"9";"canned";"";""
"9";"carousel";"";""
"9";"causing";"";""
"9";"CEO";"";""
"9";"children";"";""
"9";"clean";"";""
"9";"clear";"";""
"9";"consider";"";""
"9";"contacted";"";""
"9";"crap";"";""
"9";"decision";"";""
"9";"dept";"";""
"9";"dirty";"";""
"9";"dog";"";""
"9";"EVER";"";""
"9";"FAA";"";""
"9";"feeling";"";""
"9";"final";"";""
"9";"followed";"";""
"9";"frm";"";""
"9";"funny";"";""
"9";"Gold";"";""
"9";"gotta";"";""
"9";"honeymoon";"";""
"9";"honor";"";""
"9";"Horrible";"";""
"9";"however";"";""
"9";"impossible";"";""
"9";"inbound";"";""
"9";"infant";"";""
"9";"inflight";"";""
"9";"inside";"";""
"9";"issued";"";""
"9";"Ive";"";""
"9";"lax";"";""
"9";"legroom";"";""
"9";"likely";"";""
"9";"Logan";"";""
"9";"mail";"";""
"9";"main";"";""
"9";"manager";"";""
"9";"merge";"";""
"9";"messed";"";""
"9";"midnight";"";""
"9";"nearly";"";""
"9";"NeverAgain";"";""
"9";"nonstop";"";""
"9";"officially";"";""
"9";"Orlando";"";""
"9";"Oscars";"";""
"9";"pathetic";"";""
"9";"patience";"";""
"9";"Platinum";"";""
"9";"poorservice";"";""
"9";"program";"";""
"9";"public";"";""
"9";"realize";"";""
"9";"redeem";"";""
"9";"regarding";"";""
"9";"reLate";"";""
"9";"rest";"";""
"9";"ride";"";""
"9";"route";"";""
"9";"safe";"";""
"9";"Sat";"";""
"9";"Saturday";"";""
"9";"sell";"";""
"9";"share";"";""
"9";"shitty";"";""
"9";"showed";"";""
"9";"solution";"";""
"9";"somewhere";"";""
"9";"straight";"";""
"9";"systems";"";""
"9";"tho";"";""
"9";"Three";"";""
"9";"till";"";""
"9";"Today";"";""
"9";"touch";"";""
"9";"tracking";"";""
"9";"travelers";"";""
"9";"turned";"";""
"9";"twitter";"";""
"9";"unfriendlyskies";"";""
"9";"upgrades";"";""
"9";"usually";"";""
"9";"w/out";"";""
"9";"ways";"";""
"9";"Website";"";""
"9";"weekend";"";""
"9";"wonder";"";""
"9";"world";"";""
"9";"worry";"";""
"9";"â€œ@AmericanAir";"";""
"9";"â€œ@united";"";""
"8";"2day";"";""
"8";"30min";"";""
"8";"5hrs";"";""
"8";"actual";"";""
"8";"advance";"";""
"8";"advise";"";""
"8";"Agents";"";""
"8";"along";"";""
"8";"alternate";"";""
"8";"announce";"";""
"8";"annoyed";"";""
"8";"annoying";"";""
"8";"apologize";"";""
"8";"Asked";"";""
"8";"auto";"";""
"8";"bathroom";"";""
"8";"biz";"";""
"8";"Booked";"";""
"8";"certain";"";""
"8";"CMH";"";""
"8";"compassion";"";""
"8";"computers";"";""
"8";"concerned";"";""
"8";"continue";"";""
"8";"costs";"";""
"8";"current";"";""
"8";"cuz";"";""
"8";"deliver";"";""
"8";"deplane";"";""
"8";"dinner";"";""
"8";"directly";"";""
"8";"disappointment";"";""
"8";"emergency";"";""
"8";"epicfail";"";""
"8";"Even";"";""
"8";"evening";"";""
"8";"Ever";"";""
"8";"exit";"";""
"8";"expired";"";""
"8";"fair";"";""
"8";"faster";"";""
"8";"Flightations";"";""
"8";"floor";"";""
"8";"Florida";"";""
"8";"flts";"";""
"8";"following";"";""
"8";"forgot";"";""
"8";"freaking";"";""
"8";"freezing";"";""
"8";"fuck";"";""
"8";"fuel";"";""
"8";"garbage";"";""
"8";"generic";"";""
"8";"Guess";"";""
"8";"higher";"";""
"8";"hostage";"";""
"8";"hotels";"";""
"8";"improve";"";""
"8";"lame";"";""
"8";"large";"";""
"8";"located";"";""
"8";"lol";"";""
"8";"London";"";""
"8";"Lost";"";""
"8";"lots";"";""
"8";"loyalty";"";""
"8";"Make";"";""
"8";"manage";"";""
"8";"match";"";""
"8";"Missing";"";""
"8";"mistake";"";""
"8";"news";"";""
"8";"notcool";"";""
"8";"NOW";"";""
"8";"obviously";"";""
"8";"offering";"";""
"8";"originally";"";""
"8";"parents";"";""
"8";"partner";"";""
"8";"pissed";"";""
"8";"Plus";"";""
"8";"Poor";"";""
"8";"poorly";"";""
"8";"prepared";"";""
"8";"prior";"";""
"8";"providing";"";""
"8";"reasons";"";""
"8";"rental";"";""
"8";"returned";"";""
"8";"Seattle";"";""
"8";"serious";"";""
"8";"sfo";"";""
"8";"shameful";"";""
"8";"should've";"";""
"8";"sight";"";""
"8";"sister";"";""
"8";"six";"";""
"8";"size";"";""
"8";"special";"";""
"8";"spending";"";""
"8";"Sure";"";""
"8";"til";"";""
"8";"turn";"";""
"8";"unitedairlines";"";""
"8";"unless";"";""
"8";"unprofessional";"";""
"8";"Virgin";"";""
"8";"virginamerica";"";""
"8";"watching";"";""
"8";"Weather";"";""
"8";"whose";"";""
"8";"WiFi";"";""
"8";"wont";"";""
"8";"wtf";"";""
"8";"Yet";"";""
"7";"acct";"";""
"7";"across";"";""
"7";"adding";"";""
"7";"amount";"";""
"7";"announcement";"";""
"7";"Atlanta";"";""
"7";"avoid";"";""
"7";"become";"";""
"7";"bird";"";""
"7";"cares";"";""
"7";"carrier";"";""
"7";"carryon";"";""
"7";"cart";"";""
"7";"cell";"";""
"7";"certainly";"";""
"7";"claims";"";""
"7";"cleaned";"";""
"7";"Club";"";""
"7";"CNN";"";""
"7";"complain";"";""
"7";"conditions";"";""
"7";"conf";"";""
"7";"considering";"";""
"7";"consistent";"";""
"7";"consistently";"";""
"7";"couple";"";""
"7";"damage";"";""
"7";"Delays";"";""
"7";"departed";"";""
"7";"departing";"";""
"7";"departs";"";""
"7";"DestinationDragons";"";""
"7";"Diego";"";""
"7";"difficult";"";""
"7";"Disappointed";"";""
"7";"domestic";"";""
"7";"drinks";"";""
"7";"driving";"";""
"7";"dumb";"";""
"7";"embarrassing";"";""
"7";"ended";"";""
"7";"enter";"";""
"7";"exactly";"";""
"7";"face";"";""
"7";"false";"";""
"7";"feature";"";""
"7";"feels";"";""
"7";"feet";"";""
"7";"five";"";""
"7";"FLT";"";""
"7";"forcing";"";""
"7";"forever";"";""
"7";"furious";"";""
"7";"Glad";"";""
"7";"guarantee";"";""
"7";"handled";"";""
"7";"hands";"";""
"7";"headed";"";""
"7";"Hopefully";"";""
"7";"hopefully";"";""
"7";"Huge";"";""
"7";"huge";"";""
"7";"hundreds";"";""
"7";"icy";"";""
"7";"including";"";""
"7";"informed";"";""
"7";"Keep";"";""
"7";"legs";"";""
"7";"lie";"";""
"7";"lied";"";""
"7";"light";"";""
"7";"locate";"";""
"7";"log";"";""
"7";"LUV";"";""
"7";"mechanics";"";""
"7";"Mexico";"";""
"7";"miserable";"";""
"7";"near";"";""
"7";"Next";"";""
"7";"nights";"";""
"7";"Nothing";"";""
"7";"outbound";"";""
"7";"outlets";"";""
"7";"paperwork";"";""
"7";"Phone";"";""
"7";"phx";"";""
"7";"placed";"";""
"7";"plenty";"";""
"7";"police";"";""
"7";"premium";"";""
"7";"provided";"";""
"7";"purchased";"";""
"7";"quality";"";""
"7";"rate";"";""
"7";"replacement";"";""
"7";"requested";"";""
"7";"resched";"";""
"7";"rescheduling";"";""
"7";"reserve";"";""
"7";"resolution";"";""
"7";"reward";"";""
"7";"ripoff";"";""
"7";"sarcasm";"";""
"7";"saw";"";""
"7";"screen";"";""
"7";"Shame";"";""
"7";"simple";"";""
"7";"simply";"";""
"7";"SJU";"";""
"7";"slept";"";""
"7";"smh";"";""
"7";"somebody";"";""
"7";"spoken";"";""
"7";"stand";"";""
"7";"stated";"";""
"7";"step";"";""
"7";"stopped";"";""
"7";"stress";"";""
"7";"surprised";"";""
"7";"tech";"";""
"7";"Thursday";"";""
"7";"today's";"";""
"7";"Told";"";""
"7";"track";"";""
"7";"train";"";""
"7";"treatment";"";""
"7";"Twice";"";""
"7";"type";"";""
"7";"Ugh";"";""
"7";"unitedsucks";"";""
"7";"upgraded";"";""
"7";"usual";"";""
"7";"voice";"";""
"7";"waive";"";""
"7";"watched";"";""
"7";"wedding";"";""
"7";"weight";"";""
"7";"wife's";"";""
"7";"wish";"";""
"7";"words";"";""
"7";"wow";"";""
"7";"write";"";""
"7";"YYZ";"";""
"7";"ZERO";"";""
"6";"20min";"";""
"6";"4hrs";"";""
"6";"5th";"";""
"6";"according";"";""
"6";"accurate";"";""
"6";"added";"";""
"6";"admirals";"";""
"6";"advantage";"";""
"6";"alert";"";""
"6";"allowing";"";""
"6";"announced";"";""
"6";"asap";"";""
"6";"ashamed";"";""
"6";"assigned";"";""
"6";"assignment";"";""
"6";"b/f";"";""
"6";"BAG";"";""
"6";"basically";"";""
"6";"BDL";"";""
"6";"begin";"";""
"6";"Best";"";""
"6";"Big";"";""
"6";"biggest";"";""
"6";"bin";"";""
"6";"blah";"";""
"6";"boards";"";""
"6";"bunch";"";""
"6";"carriers";"";""
"6";"charges";"";""
"6";"Check";"";""
"6";"chicago";"";""
"6";"clt";"";""
"6";"coach";"";""
"6";"comp";"";""
"6";"continues";"";""
"6";"continuing";"";""
"6";"Cowboycerrone";"";""
"6";"credits";"";""
"6";"Crew";"";""
"6";"crossed";"";""
"6";"CTL";"";""
"6";"decided";"";""
"6";"deep";"";""
"6";"degree";"";""
"6";"dfwairport";"";""
"6";"DIA";"";""
"6";"directed";"";""
"6";"disconnects";"";""
"6";"discuss";"";""
"6";"disgrace";"";""
"6";"Dividend";"";""
"6";"DM'd";"";""
"6";"doubt";"";""
"6";"dropping";"";""
"6";"drove";"";""
"6";"Dulles";"";""
"6";"earn";"";""
"6";"effort";"";""
"6";"elite";"";""
"6";"elsewhere";"";""
"6";"especially";"";""
"6";"Especially";"";""
"6";"estimate";"";""
"6";"estimated";"";""
"6";"ewr";"";""
"6";"existent";"";""
"6";"exp";"";""
"6";"explained";"";""
"6";"extended";"";""
"6";"fight";"";""
"6";"finding";"";""
"6";"finish";"";""
"6";"Frustrating";"";""
"6";"frustration";"";""
"6";"fucked";"";""
"6";"fully";"";""
"6";"FYI";"";""
"6";"game";"";""
"6";"gg8929";"";""
"6";"God";"";""
"6";"grounded";"";""
"6";"head";"";""
"6";"heads";"";""
"6";"hearing";"";""
"6";"honestly";"";""
"6";"HORRIBLE";"";""
"6";"HOUR";"";""
"6";"humans";"";""
"6";"idiots";"";""
"6";"immediately";"";""
"6";"incident";"";""
"6";"Instead";"";""
"6";"internet";"";""
"6";"intl";"";""
"6";"Jacksonville";"";""
"6";"lady";"";""
"6";"lands";"";""
"6";"laptop";"";""
"6";"Like";"";""
"6";"Line";"";""
"6";"listed";"";""
"6";"listening";"";""
"6";"Looking";"";""
"6";"Lots";"";""
"6";"Love";"";""
"6";"Made";"";""
"6";"management";"";""
"6";"March";"";""
"6";"meals";"";""
"6";"mech";"";""
"6";"medical";"";""
"6";"meet";"";""
"6";"meetings";"";""
"6";"Mileage";"";""
"6";"MileagePlus";"";""
"6";"Miles";"";""
"6";"Mon";"";""
"6";"MSP";"";""
"6";"None";"";""
"6";"normal";"";""
"6";"notify";"";""
"6";"nyc";"";""
"6";"ONE";"";""
"6";"ones";"";""
"6";"ord";"";""
"6";"Paid";"";""
"6";"paper";"";""
"6";"party";"";""
"6";"passes";"";""
"6";"pending";"";""
"6";"people's";"";""
"6";"perks";"";""
"6";"philly";"";""
"6";"phl";"";""
"6";"Phl";"";""
"6";"piece";"";""
"6";"Pilot";"";""
"6";"PLANE";"";""
"6";"Plz";"";""
"6";"policies";"";""
"6";"posted";"";""
"6";"prob";"";""
"6";"promise";"";""
"6";"quite";"";""
"6";"ran";"";""
"6";"receiving";"";""
"6";"red";"";""
"6";"refunded";"";""
"6";"reimbursement";"";""
"6";"rent";"";""
"6";"repair";"";""
"6";"reported";"";""
"6";"required";"";""
"6";"Reservation";"";""
"6";"Reservations";"";""
"6";"rooms";"";""
"6";"RSW";"";""
"6";"Said";"";""
"6";"seconds";"";""
"6";"See";"";""
"6";"Sent";"";""
"6";"sharing";"";""
"6";"shuttle";"";""
"6";"Since";"";""
"6";"SNA";"";""
"6";"snowing";"";""
"6";"solve";"";""
"6";"son";"";""
"6";"sound";"";""
"6";"specific";"";""
"6";"STILL";"";""
"6";"Tampa";"";""
"6";"term";"";""
"6";"Time";"";""
"6";"tire";"";""
"6";"tkt";"";""
"6";"toward";"";""
"6";"trapped";"";""
"6";"truly";"";""
"6";"trust";"";""
"6";"TWO";"";""
"6";"unbelievable";"";""
"6";"uncomfortable";"";""
"6";"Unfortunately";"";""
"6";"unitedfail";"";""
"6";"unreal";"";""
"6";"usair";"";""
"6";"usairwayssucks";"";""
"6";"valid";"";""
"6";"w/u";"";""
"6";"Waited";"";""
"6";"walk";"";""
"6";"walked";"";""
"6";"Want";"";""
"6";"warm";"";""
"6";"Wednesday";"";""
"6";"worked";"";""
"6";"workers";"";""
"6";"wrote";"";""
"6";"Wtf";"";""
"6";"âœˆï";"";""
"6";"â€œ@USAirways";"";""
"6";"ðŸ‘Ž";"";""
"5";"2days";"";""
"5";"45min";"";""
"5";"728/Feb";"";""
"5";"abt";"";""
"5";"accepting";"";""
"5";"accountability";"";""
"5";"advisory";"";""
"5";"ahold";"";""
"5";"AirCanada";"";""
"5";"Albany";"";""
"5";"although";"";""
"5";"announcements";"";""
"5";"Anyone";"";""
"5";"apart";"";""
"5";"Arrived";"";""
"5";"Aspen";"";""
"5";"ass";"";""
"5";"assume";"";""
"5";"availability";"";""
"5";"backs";"";""
"5";"badly";"";""
"5";"Bag";"";""
"5";"bankrupt";"";""
"5";"barely";"";""
"5";"based";"";""
"5";"bday";"";""
"5";"Belize";"";""
"5";"bet";"";""
"5";"Better";"";""
"5";"blamed";"";""
"5";"blaming";"";""
"5";"bos";"";""
"5";"Bought";"";""
"5";"brother";"";""
"5";"btw";"";""
"5";"BUF";"";""
"5";"Buffalo";"";""
"5";"button";"";""
"5";"C'mon";"";""
"5";"California";"";""
"5";"Call";"";""
"5";"Canadian";"";""
"5";"Card";"";""
"5";"Care";"";""
"5";"central";"";""
"5";"Chairman";"";""
"5";"chances";"";""
"5";"charlotte";"";""
"5";"Checked";"";""
"5";"cities";"";""
"5";"CLE";"";""
"5";"Cleveland";"";""
"5";"client";"";""
"5";"comes";"";""
"5";"Completely";"";""
"5";"concerns";"";""
"5";"Conf";"";""
"5";"continued";"";""
"5";"correctly";"";""
"5";"Costa";"";""
"5";"could've";"";""
"5";"couldnt";"";""
"5";"Credit";"";""
"5";"cry";"";""
"5";"curious";"";""
"5";"Cust";"";""
"5";"cutting";"";""
"5";"Day";"";""
"5";"de-ice";"";""
"5";"decent";"";""
"5";"deplaned";"";""
"5";"desks";"";""
"5";"destinations";"";""
"5";"didnt";"";""
"5";"Direct";"";""
"5";"disconnect";"";""
"5";"dry";"";""
"5";"dying";"";""
"5";"economy";"";""
"5";"efficiency";"";""
"5";"event";"";""
"5";"exact";"";""
"5";"excuses";"";""
"5";"exec";"";""
"5";"Expedia";"";""
"5";"expire";"";""
"5";"extend";"";""
"5";"felt";"";""
"5";"figured";"";""
"5";"filled";"";""
"5";"fired";"";""
"5";"Fix";"";""
"5";"flight's";"";""
"5";"Flightly";"";""
"5";"Fly";"";""
"5";"Flying";"";""
"5";"forgetting";"";""
"5";"Found";"";""
"5";"Getting";"";""
"5";"girl";"";""
"5";"golf";"";""
"5";"harder";"";""
"5";"heat";"";""
"5";"hit";"";""
"5";"Hold";"";""
"5";"Hoping";"";""
"5";"hot";"";""
"5";"houston";"";""
"5";"hungry";"";""
"5";"ignoring";"";""
"5";"impressed";"";""
"5";"in-flight";"";""
"5";"inconvenient";"";""
"5";"incredibly";"";""
"5";"IND";"";""
"5";"injury";"";""
"5";"insane";"";""
"5";"iPhone";"";""
"5";"Jetblue";"";""
"5";"jump";"";""
"5";"keeping";"";""
"5";"kiosks";"";""
"5";"lap";"";""
"5";"layovers";"";""
"5";"lazy";"";""
"5";"learned";"";""
"5";"Let";"";""
"5";"lets";"";""
"5";"limited";"";""
"5";"listen";"";""
"5";"living";"";""
"5";"locator";"";""
"5";"logged";"";""
"5";"Lol";"";""
"5";"Long";"";""
"5";"loses";"";""
"5";"loss";"";""
"5";"low";"";""
"5";"malfunction";"";""
"5";"matters";"";""
"5";"May";"";""
"5";"meant";"";""
"5";"merged";"";""
"5";"mia";"";""
"5";"military";"";""
"5";"million";"";""
"5";"minor";"";""
"5";"misplaced";"";""
"5";"model";"";""
"5";"mother";"";""
"5";"music";"";""
"5";"nonsense";"";""
"5";"noon";"";""
"5";"offices";"";""
"5";"on-time";"";""
"5";"otherwise";"";""
"5";"overweight";"";""
"5";"pain";"";""
"5";"parked";"";""
"5";"Pathetic";"";""
"5";"peanuts";"";""
"5";"People";"";""
"5";"period";"";""
"5";"personnel";"";""
"5";"pic";"";""
"5";"picking";"";""
"5";"plane's";"";""
"5";"playing";"";""
"5";"pleasant";"";""
"5";"poorcustomerservice";"";""
"5";"POS";"";""
"5";"pre";"";""
"5";"Premier";"";""
"5";"professional";"";""
"5";"promises";"";""
"5";"pts";"";""
"5";"questions";"";""
"5";"reaching";"";""
"5";"REALLY";"";""
"5";"reasonable";"";""
"5";"reconsider";"";""
"5";"refunds";"";""
"5";"regular";"";""
"5";"reimburse";"";""
"5";"reimbursed";"";""
"5";"released";"";""
"5";"rerouted";"";""
"5";"res";"";""
"5";"responded";"";""
"5";"responses";"";""
"5";"responsibility";"";""
"5";"result";"";""
"5";"returning";"";""
"5";"Rica";"";""
"5";"ripped";"";""
"5";"RUDE";"";""
"5";"sale";"";""
"5";"SAN";"";""
"5";"save";"";""
"5";"school";"";""
"5";"SEA";"";""
"5";"Seat";"";""
"5";"seated";"";""
"5";"served";"";""
"5";"SERVICE";"";""
"5";"shared";"";""
"5";"shocking";"";""
"5";"shot";"";""
"5";"skies";"";""
"5";"SLC";"";""
"5";"snack";"";""
"5";"social";"";""
"5";"somehow";"";""
"5";"Someone";"";""
"5";"speed";"";""
"5";"SpiritAirlines";"";""
"5";"Spoke";"";""
"5";"spot";"";""
"5";"starting";"";""
"5";"states";"";""
"5";"Step";"";""
"5";"steps";"";""
"5";"STOP";"";""
"5";"stroller";"";""
"5";"stupid";"";""
"5";"SUCKS";"";""
"5";"suggested";"";""
"5";"sympathy";"";""
"5";"Texas";"";""
"5";"thats";"";""
"5";"thinks";"";""
"5";"Ticket";"";""
"5";"ticketed";"";""
"5";"timely";"";""
"5";"towards";"";""
"5";"TPA";"";""
"5";"transaction";"";""
"5";"transport";"";""
"5";"truck";"";""
"5";"Tues";"";""
"5";"turns";"";""
"5";"tweets";"";""
"5";"Two";"";""
"5";"typical";"";""
"5";"U.S";"";""
"5";"UAL";"";""
"5";"Unable";"";""
"5";"unavailable";"";""
"5";"Unbelievable";"";""
"5";"unnecessary";"";""
"5";"Update";"";""
"5";"updating";"";""
"5";"upon";"";""
"5";"USA";"";""
"5";"value";"";""
"5";"wanna";"";""
"5";"wanting";"";""
"5";"wants";"";""
"5";"Web";"";""
"5";"WIFI";"";""
"5";"worstairlineever";"";""
"5";"would've";"";""
"5";"Wow";"";""
"5";"yelled";"";""
"5";"York";"";""
"5";"young";"";""
"5";"yrs";"";""
"5";"zone";"";""
"4";"1/2";"";""
"4";"11th";"";""
"4";"2/2";"";""
"4";"2hr";"";""
"4";"8am";"";""
"4";"A-list";"";""
"4";"AA2444";"";""
"4";"AAdvantage";"";""
"4";"ABC";"";""
"4";"accept";"";""
"4";"accepted";"";""
"4";"accommodating";"";""
"4";"accommodations";"";""
"4";"accounts";"";""
"4";"ads";"";""
"4";"advertise";"";""
"4";"age";"";""
"4";"agree";"";""
"4";"airfare";"";""
"4";"Airline";"";""
"4";"Always";"";""
"4";"americanairlines";"";""
"4";"anxious";"";""
"4";"applied";"";""
"4";"apply";"";""
"4";"asleep";"";""
"4";"assult";"";""
"4";"atl";"";""
"4";"automatically";"";""
"4";"average";"";""
"4";"aviation";"";""
"4";"Awesome";"";""
"4";"BadCustomerService";"";""
"4";"Bags";"";""
"4";"battery";"";""
"4";"beat";"";""
"4";"bed";"";""
"4";"belongings";"";""
"4";"bins";"";""
"4";"black";"";""
"4";"Boarding";"";""
"4";"box";"";""
"4";"brand";"";""
"4";"breaking";"";""
"4";"bringing";"";""
"4";"BTW";"";""
"4";"bucks";"";""
"4";"bug";"";""
"4";"bullshit";"";""
"4";"bump";"";""
"4";"bumping";"";""
"4";"CALL";"";""
"4";"cancun";"";""
"4";"carseat";"";""
"4";"Case";"";""
"4";"cats";"";""
"4";"caught";"";""
"4";"chair";"";""
"4";"chairman";"";""
"4";"chairs";"";""
"4";"chaos";"";""
"4";"chat";"";""
"4";"cheaper";"";""
"4";"Choice";"";""
"4";"choosing";"";""
"4";"City";"";""
"4";"claimed";"";""
"4";"click";"";""
"4";"closer";"";""
"4";"Columbus";"";""
"4";"common";"";""
"4";"compensated";"";""
"4";"conference";"";""
"4";"conflicting";"";""
"4";"confused";"";""
"4";"Congrats";"";""
"4";"considered";"";""
"4";"constant";"";""
"4";"contacting";"";""
"4";"conversation";"";""
"4";"copy";"";""
"4";"costing";"";""
"4";"costumer";"";""
"4";"coupon";"";""
"4";"cranky";"";""
"4";"cross";"";""
"4";"CSR";"";""
"4";"customerservicefail";"";""
"4";"cxl";"";""
"4";"dallas";"";""
"4";"dealt";"";""
"4";"Delay";"";""
"4";"den";"";""
"4";"dep";"";""
"4";"designed";"";""
"4";"destroyed";"";""
"4";"device";"";""
"4";"didnâ";"";""
"4";"die";"";""
"4";"died";"";""
"4";"dime";"";""
"4";"disappeared";"";""
"4";"disgusted";"";""
"4";"disregard";"";""
"4";"disrespect";"";""
"4";"diverted";"";""
"4";"dpt";"";""
"4";"driver";"";""
"4";"drunk";"";""
"4";"Dulles_Airport";"";""
"4";"Early";"";""
"4";"earth";"";""
"4";"easier";"";""
"4";"easily";"";""
"4";"else's";"";""
"4";"English";"";""
"4";"epic";"";""
"4";"EST";"";""
"4";"ETA";"";""
"4";"eventually";"";""
"4";"example";"";""
"4";"exchange";"";""
"4";"excited";"";""
"4";"exist";"";""
"4";"expecting";"";""
"4";"facing";"";""
"4";"falling";"";""
"4";"fam";"";""
"4";"fan";"";""
"4";"fast";"";""
"4";"fear";"";""
"4";"February";"";""
"4";"feed";"";""
"4";"fell";"";""
"4";"fiasco";"";""
"4";"filmcrew";"";""
"4";"Fingers";"";""
"4";"fire";"";""
"4";"fleet";"";""
"4";"Flightst";"";""
"4";"fll";"";""
"4";"follows";"";""
"4";"foot";"";""
"4";"forth";"";""
"4";"Four";"";""
"4";"FOUR";"";""
"4";"Funny";"";""
"4";"galley";"";""
"4";"gas";"";""
"4";"getittogether";"";""
"4";"global";"";""
"4";"goodwill";"";""
"4";"hardly";"";""
"4";"Hartford";"";""
"4";"hassle";"";""
"4";"hates";"";""
"4";"havenâ";"";""
"4";"HDN";"";""
"4";"heading";"";""
"4";"Held";"";""
"4";"Hello";"";""
"4";"hello";"";""
"4";"hence";"";""
"4";"Honolulu";"";""
"4";"hopeful";"";""
"4";"horrendous";"";""
"4";"horrid";"";""
"4";"Hour";"";""
"4";"huh";"";""
"4";"HUMAN";"";""
"4";"iah";"";""
"4";"inconvenienced";"";""
"4";"incorrect";"";""
"4";"Incredibly";"";""
"4";"insult";"";""
"4";"insulting";"";""
"4";"int'l";"";""
"4";"interesting";"";""
"4";"interview";"";""
"4";"it'll";"";""
"4";"itineraries";"";""
"4";"itâ";"";""
"4";"Jan";"";""
"4";"JAX";"";""
"4";"Juan";"";""
"4";"kicked";"";""
"4";"knowing";"";""
"4";"Landed";"";""
"4";"Lauderdale";"";""
"4";"lavatory";"";""
"4";"lbs";"";""
"4";"Left";"";""
"4";"limit";"";""
"4";"loading";"";""
"4";"loads";"";""
"4";"location";"";""
"4";"locations";"";""
"4";"Look";"";""
"4";"loose";"";""
"4";"lostluggage";"";""
"4";"lousy";"";""
"4";"lower";"";""
"4";"lucky";"";""
"4";"lying";"";""
"4";"maint";"";""
"4";"Making";"";""
"4";"managed";"";""
"4";"mark";"";""
"4";"MDW";"";""
"4";"meds";"";""
"4";"memories";"";""
"4";"met";"";""
"4";"MEX";"";""
"4";"Mia";"";""
"4";"Might";"";""
"4";"mistakes";"";""
"4";"MKE";"";""
"4";"nasty";"";""
"4";"needing";"";""
"4";"Nexus";"";""
"4";"nocustomerservice";"";""
"4";"notifying";"";""
"4";"nuts";"";""
"4";"nvr";"";""
"4";"nytimes";"";""
"4";"occurred";"";""
"4";"officer";"";""
"4";"often";"";""
"4";"Okay";"";""
"4";"OKC";"";""
"4";"OMG";"";""
"4";"Online";"";""
"4";"operated";"";""
"4";"operational";"";""
"4";"operations";"";""
"4";"operator";"";""
"4";"ordered";"";""
"4";"oscars";"";""
"4";"painful";"";""
"4";"partners";"";""
"4";"pax";"";""
"4";"payment";"";""
"4";"picture";"";""
"4";"PIT";"";""
"4";"Pittsburgh";"";""
"4";"planning";"";""
"4";"plastic";"";""
"4";"position";"";""
"4";"prefer";"";""
"4";"Preferred";"";""
"4";"premier";"";""
"4";"prevent";"";""
"4";"pricing";"";""
"4";"Priority";"";""
"4";"procedure";"";""
"4";"profits";"";""
"4";"programs";"";""
"4";"progress";"";""
"4";"property";"";""
"4";"prove";"";""
"4";"pulled";"";""
"4";"pulling";"";""
"4";"pushed";"";""
"4";"quicker";"";""
"4";"Raleigh";"";""
"4";"rapid";"";""
"4";"re-book";"";""
"4";"Rebooked";"";""
"4";"recent";"";""
"4";"rectify";"";""
"4";"refuses";"";""
"4";"remove";"";""
"4";"repeat";"";""
"4";"reserv";"";""
"4";"restore";"";""
"4";"rewards";"";""
"4";"RIC";"";""
"4";"roads";"";""
"4";"rough";"";""
"4";"roundtrip";"";""
"4";"rushed";"";""
"4";"Sabre";"";""
"4";"Sad";"";""
"4";"scared";"";""
"4";"Second";"";""
"4";"seeing";"";""
"4";"selling";"";""
"4";"separate";"";""
"4";"serve";"";""
"4";"seven";"";""
"4";"severe";"";""
"4";"shame";"";""
"4";"ship";"";""
"4";"shocked";"";""
"4";"shopping";"";""
"4";"shown";"";""
"4";"SHV";"";""
"4";"side";"";""
"4";"sincere";"";""
"4";"sincerely";"";""
"4";"Site";"";""
"4";"skills";"";""
"4";"sky";"";""
"4";"SMH";"";""
"4";"snacks";"";""
"4";"software";"";""
"4";"SOS";"";""
"4";"Spent";"";""
"4";"Staff";"";""
"4";"state";"";""
"4";"Status";"";""
"4";"stellar";"";""
"4";"stick";"";""
"4";"stinks";"";""
"4";"stolen";"";""
"4";"stood";"";""
"4";"strand";"";""
"4";"Stranded";"";""
"4";"strategy";"";""
"4";"STT";"";""
"4";"submit";"";""
"4";"suggest";"";""
"4";"suggestions";"";""
"4";"surgery";"";""
"4";"swa";"";""
"4";"Taking";"";""
"4";"tea";"";""
"4";"technical";"";""
"4";"Tell";"";""
"4";"texts";"";""
"4";"thenewamerican";"";""
"4";"theworst";"";""
"4";"Think";"";""
"4";"thinking";"";""
"4";"TIME";"";""
"4";"tiny";"";""
"4";"toddler";"";""
"4";"toilet";"";""
"4";"tone";"";""
"4";"Toronto";"";""
"4";"tough";"";""
"4";"trained";"";""
"4";"travels";"";""
"4";"treating";"";""
"4";"truth";"";""
"4";"tryin";"";""
"4";"turbulence";"";""
"4";"ugh";"";""
"4";"understandable";"";""
"4";"understood";"";""
"4";"unfortunate";"";""
"4";"unfriendly";"";""
"4";"united's";"";""
"4";"unknown";"";""
"4";"Unreal";"";""
"4";"unused";"";""
"4";"Upgrade";"";""
"4";"USAIR";"";""
"4";"useful";"";""
"4";"van";"";""
"4";"view";"";""
"4";"weak";"";""
"4";"Wed";"";""
"4";"whatever";"";""
"4";"wheel";"";""
"4";"wheelchair";"";""
"4";"wi-fi";"";""
"4";"Wife";"";""
"4";"wonderful";"";""
"4";"worried";"";""
"4";"worstcustomerservice";"";""
"4";"written";"";""
"4";"WSJ";"";""
"4";"WTH";"";""
"4";"yea";"";""
"4";"yep";"";""
"4";"yest";"";""
"4";"yesterday's";"";""
"4";"youre";"";""
"4";"youâ";"";""
"4";"â¤ï";"";""
"4";"â„ï";"";""
"3";"100's";"";""
"3";"24h";"";""
"3";"5hr";"";""
"3";"a/c";"";""
"3";"Abysmal";"";""
"3";"actions";"";""
"3";"Adding";"";""
"3";"admit";"";""
"3";"alerts";"";""
"3";"America";"";""
"3";"anybody";"";""
"3";"Anything";"";""
"3";"App";"";""
"3";"approved";"";""
"3";"article";"";""
"3";"ATC";"";""
"3";"attitudes";"";""
"3";"awkward";"";""
"3";"BAD";"";""
"3";"beer";"";""
"3";"Birmingham";"";""
"3";"blocked";"";""
"3";"blog";"";""
"3";"boston";"";""
"3";"bout";"";""
"3";"BTV";"";""
"3";"Calling";"";""
"3";"CAN";"";""
"3";"Canada";"";""
"3";"canâ";"";""
"3";"carry-on";"";""
"3";"carryons";"";""
"3";"Central";"";""
"3";"cert";"";""
"3";"certificate";"";""
"3";"Chi";"";""
"3";"clarify";"";""
"3";"Class";"";""
"3";"comfort";"";""
"3";"communicated";"";""
"3";"complimentary";"";""
"3";"con";"";""
"3";"confidence";"";""
"3";"confident";"";""
"3";"continuous";"";""
"3";"conversations";"";""
"3";"Cool";"";""
"3";"crashing";"";""
"3";"create";"";""
"3";"created";"";""
"3";"credited";"";""
"3";"cruel";"";""
"3";"dad";"";""
"3";"death";"";""
"3";"define";"";""
"3";"definitely";"";""
"3";"departures";"";""
"3";"derekc21";"";""
"3";"deserves";"";""
"3";"desktop";"";""
"3";"DirectTV";"";""
"3";"Disappointing";"";""
"3";"disgruntled";"";""
"3";"display";"";""
"3";"DoBetter";"";""
"3";"dozens";"";""
"3";"Drove";"";""
"3";"earned";"";""
"3";"enjoying";"";""
"3";"exclusively";"";""
"3";"Excuses";"";""
"3";"expectations";"";""
"3";"failing";"";""
"3";"film";"";""
"3";"Francisco";"";""
"3";"friendlyskies";"";""
"3";"Give";"";""
"3";"god";"";""
"3";"goodbye";"";""
"3";"green";"";""
"3";"gross";"";""
"3";"guide";"";""
"3";"handler";"";""
"3";"HNL";"";""
"3";"holder";"";""
"3";"hugely";"";""
"3";"impact";"";""
"3";"Impossible";"";""
"3";"inch";"";""
"3";"indication";"";""
"3";"initial";"";""
"3";"Int";"";""
"3";"jtrexsocial";"";""
"3";"Karen";"";""
"3";"Kim";"";""
"3";"ladies";"";""
"3";"letters";"";""
"3";"Literally";"";""
"3";"Louis";"";""
"3";"Loved";"";""
"3";"Luckily";"";""
"3";"MAKE";"";""
"3";"Media";"";""
"3";"Memphis";"";""
"3";"mom's";"";""
"3";"movie";"";""
"3";"mths";"";""
"3";"Must";"";""
"3";"neglect";"";""
"3";"negligence";"";""
"3";"Nobody";"";""
"3";"non-stop";"";""
"3";"Norfolk";"";""
"3";"NotHappy";"";""
"3";"notifications";"";""
"3";"NY_NJairports";"";""
"3";"odd";"";""
"3";"offers";"";""
"3";"Open";"";""
"3";"partial";"";""
"3";"Pay";"";""
"3";"PDX";"";""
"3";"perfect";"";""
"3";"Perhaps";"";""
"3";"picks";"";""
"3";"pile";"";""
"3";"pillows";"";""
"3";"precipitation";"";""
"3";"pressurization";"";""
"3";"private";"";""
"3";"PSP";"";""
"3";"pushing";"";""
"3";"reading";"";""
"3";"Real";"";""
"3";"recline";"";""
"3";"recording";"";""
"3";"register";"";""
"3";"reliable";"";""
"3";"Renting";"";""
"3";"repeated";"";""
"3";"require";"";""
"3";"rights";"";""
"3";"Row";"";""
"3";"safely";"";""
"3";"Says";"";""
"3";"scam";"";""
"3";"scanned";"";""
"3";"scene";"";""
"3";"sched";"";""
"3";"scheduling";"";""
"3";"Seats";"";""
"3";"seg";"";""
"3";"sites";"";""
"3";"siting";"";""
"3";"ski";"";""
"3";"smallest";"";""
"3";"solo";"";""
"3";"sooner";"";""
"3";"Stay";"";""
"3";"stealing";"";""
"3";"success";"";""
"3";"SUCK";"";""
"3";"Supposed";"";""
"3";"SweetingR";"";""
"3";"SXM";"";""
"3";"tags";"";""
"3";"terribly";"";""
"3";"texted";"";""
"3";"throwing";"";""
"3";"toilets";"";""
"3";"tomorrow's";"";""
"3";"ton";"";""
"3";"transit";"";""
"3";"tsa";"";""
"3";"txt";"";""
"3";"UA936";"";""
"3";"understaffing";"";""
"3";"unscheduled";"";""
"3";"Usairways";"";""
"3";"user";"";""
"3";"utterly";"";""
"3";"vegan";"";""
"3";"Vieques";"";""
"3";"visit";"";""
"3";"Wait";"";""
"3";"Whats";"";""
"3";"whenever";"";""
"3";"Wish";"";""
"3";"women";"";""
"3";"Wonder";"";""
"3";"worries";"";""
"3";"worst2unitedflightsever";"";""
"3";"worstcustomerserviceever";"";""
"3";"Yep";"";""
"3";"ZKatcher";"";""
"3";"âœŒï";"";""
